sample,time_us,channel1_v
0,0.000000,3.308466308
1,0.320000,3.308466308
2,0.640000,3.308466308
3,0.960000,3.308466308
4,1.280000,3.308466308
5,1.600000,3.308466308
6,1.920000,3.308466308
7,2.240000,3.308466308
8,2.560000,3.304755994
9,2.880000,3.308466308
10,3.200000,3.312176621
11,3.520000,3.304755994
12,3.840000,3.304755994
13,4.160000,3.304755994
14,4.480000,3.308466308
15,4.800000,3.304755994
16,5.120000,3.312176621
17,5.440000,3.312176621
18,5.760000,3.308466308
19,6.080000,3.312176621
20,6.400000,3.308466308
21,6.720000,3.304755994
22,7.040000,3.308466308
23,7.360000,3.304755994
24,7.680000,3.304755994
25,8.000000,3.308466308
26,8.320000,3.312176621
27,8.640000,3.308466308
28,8.960000,3.308466308
29,9.280000,3.304755994
30,9.600000,3.308466308
31,9.920000,3.304755994
32,10.240000,3.312176621
33,10.560000,3.308466308
34,10.880000,3.308466308
35,11.200000,3.308466308
36,11.520000,3.312176621
37,11.840000,3.308466308
38,12.160000,3.304755994
39,12.480000,3.304755994
40,12.800000,3.308466308
41,13.120000,3.308466308
42,13.440000,3.308466308
43,13.760000,3.308466308
44,14.080000,3.304755994
45,14.400000,3.301045681
46,14.720000,3.304755994
47,15.040000,3.304755994
48,15.360000,3.304755994
49,15.680000,3.308466308
50,16.000000,3.308466308
51,16.320000,3.308466308
52,16.640000,3.308466308
53,16.960000,3.304755994
54,17.280000,3.304755994
55,17.600000,3.308466308
56,17.920000,3.308466308
57,18.240000,3.308466308
58,18.560000,3.308466308
59,18.880000,3.308466308
60,19.200000,3.308466308
61,19.520000,3.304755994
62,19.840000,3.308466308
63,20.160000,3.308466308
64,20.480000,3.308466308
65,20.800000,3.312176621
66,21.120000,3.308466308
67,21.440000,3.308466308
68,21.760000,3.304755994
69,22.080000,3.308466308
70,22.400000,3.308466308
71,22.720000,3.308466308
72,23.040000,3.304755994
73,23.360000,3.304755994
74,23.680000,3.308466308
75,24.000000,3.304755994
76,24.320000,3.304755994
77,24.640000,3.304755994
78,24.960000,3.301045681
79,25.280000,3.301045681
80,25.600000,3.301045681
81,25.920000,3.301045681
82,26.240000,3.301045681
83,26.560000,3.304755994
84,26.880000,3.301045681
85,27.200000,3.301045681
86,27.520000,3.301045681
87,27.840000,3.304755994
88,28.160000,3.301045681
89,28.480000,3.301045681
90,28.800000,3.301045681
91,29.120000,3.304755994
92,29.440000,3.304755994
93,29.760000,3.304755994
94,30.080000,3.301045681
95,30.400000,3.304755994
96,30.720000,3.308466308
97,31.040000,3.308466308
98,31.360000,3.304755994
99,31.680000,3.304755994
100,32.000000,3.301045681
101,32.320000,3.301045681
102,32.640000,3.304755994
103,32.960000,3.304755994
104,33.280000,3.308466308
105,33.600000,3.308466308
106,33.920000,3.308466308
107,34.240000,3.312176621
108,34.560000,3.312176621
109,34.880000,3.308466308
110,35.200000,3.308466308
111,35.520000,3.308466308
112,35.840000,3.304755994
113,36.160000,3.301045681
114,36.480000,3.301045681
115,36.800000,3.304755994
116,37.120000,3.301045681
117,37.440000,3.304755994
118,37.760000,3.308466308
119,38.080000,3.308466308
120,38.400000,3.308466308
121,38.720000,3.312176621
122,39.040000,3.304755994
123,39.360000,3.308466308
124,39.680000,3.304755994
125,40.000000,3.308466308
126,40.320000,3.304755994
127,40.640000,3.304755994
128,40.960000,3.304755994
129,41.280000,3.301045681
130,41.600000,3.308466308
131,41.920000,3.304755994
132,42.240000,3.304755994
133,42.560000,3.308466308
134,42.880000,3.304755994
135,43.200000,3.304755994
136,43.520000,3.304755994
137,43.840000,3.304755994
138,44.160000,3.308466308
139,44.480000,3.304755994
140,44.800000,3.308466308
141,45.120000,3.308466308
142,45.440000,3.312176621
143,45.760000,3.304755994
144,46.080000,3.308466308
145,46.400000,3.304755994
146,46.720000,3.304755994
147,47.040000,3.308466308
148,47.360000,3.308466308
149,47.680000,3.308466308
150,48.000000,3.312176621
151,48.320000,3.312176621
152,48.640000,3.315886934
153,48.960000,3.312176621
154,49.280000,3.312176621
155,49.600000,3.312176621
156,49.920000,3.308466308
157,50.240000,3.308466308
158,50.560000,3.301045681
159,50.880000,3.304755994
160,51.200000,3.312176621
161,51.520000,3.308466308
162,51.840000,3.312176621
163,52.160000,3.308466308
164,52.480000,3.304755994
165,52.800000,3.308466308
166,53.120000,3.308466308
167,53.440000,3.308466308
168,53.760000,3.308466308
169,54.080000,3.304755994
170,54.400000,3.308466308
171,54.720000,3.304755994
172,55.040000,3.301045681
173,55.360000,3.301045681
174,55.680000,3.304755994
175,56.000000,3.304755994
176,56.320000,3.308466308
177,56.640000,3.304755994
178,56.960000,3.304755994
179,57.280000,3.301045681
180,57.600000,3.308466308
181,57.920000,3.301045681
182,58.240000,3.301045681
183,58.560000,3.304755994
184,58.880000,3.304755994
185,59.200000,3.304755994
186,59.520000,3.301045681
187,59.840000,3.301045681
188,60.160000,3.304755994
189,60.480000,3.304755994
190,60.800000,3.308466308
191,61.120000,3.304755994
192,61.440000,3.304755994
193,61.760000,3.301045681
194,62.080000,3.301045681
195,62.400000,3.301045681
196,62.720000,3.301045681
197,63.040000,3.301045681
198,63.360000,3.301045681
199,63.680000,3.301045681
200,64.000000,3.304755994
201,64.320000,3.304755994
202,64.640000,3.308466308
203,64.960000,3.312176621
204,65.280000,3.308466308
205,65.600000,3.308466308
206,65.920000,3.308466308
207,66.240000,3.304755994
208,66.560000,3.301045681
209,66.880000,3.304755994
210,67.200000,3.304755994
211,67.520000,3.304755994
212,67.840000,3.304755994
213,68.160000,3.312176621
214,68.480000,3.308466308
215,68.800000,3.304755994
216,69.120000,3.308466308
217,69.440000,3.304755994
218,69.760000,3.308466308
219,70.080000,3.308466308
220,70.400000,3.308466308
221,70.720000,3.312176621
222,71.040000,3.308466308
223,71.360000,3.304755994
224,71.680000,3.308466308
225,72.000000,3.304755994
226,72.320000,3.308466308
227,72.640000,3.304755994
228,72.960000,3.308466308
229,73.280000,3.304755994
230,73.600000,3.308466308
231,73.920000,3.308466308
232,74.240000,3.308466308
233,74.560000,3.312176621
234,74.880000,3.308466308
235,75.200000,3.315886934
236,75.520000,3.308466308
237,75.840000,3.308466308
238,76.160000,3.304755994
239,76.480000,3.304755994
240,76.800000,3.308466308
241,77.120000,3.304755994
242,77.440000,3.304755994
243,77.760000,3.308466308
244,78.080000,3.308466308
245,78.400000,3.308466308
246,78.720000,3.304755994
247,79.040000,3.308466308
248,79.360000,3.304755994
249,79.680000,3.304755994
250,80.000000,3.297335368
251,80.320000,3.301045681
252,80.640000,3.301045681
253,80.960000,3.301045681
254,81.280000,3.301045681
255,81.600000,3.304755994
256,81.920000,3.301045681
257,82.240000,3.304755994
258,82.560000,3.304755994
259,82.880000,3.301045681
260,83.200000,3.301045681
261,83.520000,3.301045681
262,83.840000,3.301045681
263,84.160000,3.301045681
264,84.480000,3.304755994
265,84.800000,3.304755994
266,85.120000,3.304755994
267,85.440000,3.308466308
268,85.760000,3.308466308
269,86.080000,3.308466308
270,86.400000,3.308466308
271,86.720000,3.308466308
272,87.040000,3.308466308
273,87.360000,3.301045681
274,87.680000,3.304755994
275,88.000000,3.301045681
276,88.320000,3.301045681
277,88.640000,3.304755994
278,88.960000,3.304755994
279,89.280000,3.304755994
280,89.600000,3.308466308
281,89.920000,3.304755994
282,90.240000,3.304755994
283,90.560000,3.297335368
284,90.880000,3.297335368
285,91.200000,3.297335368
286,91.520000,3.301045681
287,91.840000,3.304755994
288,92.160000,3.304755994
289,92.480000,3.308466308
290,92.800000,3.308466308
291,93.120000,3.312176621
292,93.440000,3.304755994
293,93.760000,3.308466308
294,94.080000,3.312176621
295,94.400000,3.315886934
296,94.720000,3.312176621
297,95.040000,3.315886934
298,95.360000,3.312176621
299,95.680000,3.304755994
300,96.000000,3.304755994
301,96.320000,3.301045681
302,96.640000,3.297335368
303,96.960000,3.304755994
304,97.280000,3.301045681
305,97.600000,3.301045681
306,97.920000,3.304755994
307,98.240000,3.304755994
308,98.560000,3.304755994
309,98.880000,3.304755994
310,99.200000,3.304755994
311,99.520000,3.308466308
312,99.840000,3.308466308
313,100.160000,3.312176621
314,100.480000,3.312176621
315,100.800000,3.308466308
316,101.120000,3.308466308
317,101.440000,3.304755994
318,101.760000,3.301045681
319,102.080000,3.304755994
320,102.400000,3.301045681
321,102.720000,3.308466308
322,103.040000,3.308466308
323,103.360000,3.304755994
324,103.680000,3.304755994
325,104.000000,3.308466308
326,104.320000,3.304755994
327,104.640000,3.308466308
328,104.960000,3.308466308
329,105.280000,3.308466308
330,105.600000,3.304755994
331,105.920000,3.312176621
332,106.240000,3.308466308
333,106.560000,3.308466308
334,106.880000,3.308466308
335,107.200000,3.312176621
336,107.520000,3.308466308
337,107.840000,3.312176621
338,108.160000,3.312176621
339,108.480000,3.308466308
340,108.800000,3.308466308
341,109.120000,3.308466308
342,109.440000,3.304755994
343,109.760000,3.301045681
344,110.080000,3.301045681
345,110.400000,3.308466308
346,110.720000,3.312176621
347,111.040000,3.312176621
348,111.360000,3.319597247
349,111.680000,3.312176621
350,112.000000,3.308466308
351,112.320000,3.301045681
352,112.640000,3.308466308
353,112.960000,3.312176621
354,113.280000,3.308466308
355,113.600000,3.308466308
356,113.920000,3.308466308
357,114.240000,3.304755994
358,114.560000,3.304755994
359,114.880000,3.304755994
360,115.200000,3.308466308
361,115.520000,3.312176621
362,115.840000,3.308466308
363,116.160000,3.308466308
364,116.480000,3.308466308
365,116.800000,3.308466308
366,117.120000,3.304755994
367,117.440000,3.308466308
368,117.760000,3.304755994
369,118.080000,3.308466308
370,118.400000,3.308466308
371,118.720000,3.308466308
372,119.040000,3.308466308
373,119.360000,3.312176621
374,119.680000,3.304755994
375,120.000000,3.304755994
376,120.320000,3.304755994
377,120.640000,3.308466308
378,120.960000,3.312176621
379,121.280000,3.308466308
380,121.600000,3.312176621
381,121.920000,3.308466308
382,122.240000,3.308466308
383,122.560000,3.304755994
384,122.880000,3.308466308
385,123.200000,3.312176621
386,123.520000,3.308466308
387,123.840000,3.308466308
388,124.160000,3.308466308
389,124.480000,3.312176621
390,124.800000,3.308466308
391,125.120000,3.308466308
392,125.440000,3.304755994
393,125.760000,3.304755994
394,126.080000,3.301045681
395,126.400000,3.304755994
396,126.720000,3.308466308
397,127.040000,3.308466308
398,127.360000,3.308466308
399,127.680000,3.308466308
400,128.000000,3.308466308
401,128.320000,3.312176621
402,128.640000,3.308466308
403,128.960000,3.304755994
404,129.280000,3.308466308
405,129.600000,3.308466308
406,129.920000,3.312176621
407,130.240000,3.312176621
408,130.560000,3.308466308
409,130.880000,3.308466308
410,131.200000,3.312176621
411,131.520000,3.312176621
412,131.840000,3.312176621
413,132.160000,3.312176621
414,132.480000,3.308466308
415,132.800000,3.308466308
416,133.120000,3.312176621
417,133.440000,3.312176621
418,133.760000,3.312176621
419,134.080000,3.308466308
420,134.400000,3.308466308
421,134.720000,3.308466308
422,135.040000,3.308466308
423,135.360000,3.312176621
424,135.680000,3.312176621
425,136.000000,3.308466308
426,136.320000,3.308466308
427,136.640000,3.312176621
428,136.960000,3.308466308
429,137.280000,3.312176621
430,137.600000,3.312176621
431,137.920000,3.312176621
432,138.240000,3.312176621
433,138.560000,3.308466308
434,138.880000,3.308466308
435,139.200000,3.304755994
436,139.520000,3.304755994
437,139.840000,3.308466308
438,140.160000,3.312176621
439,140.480000,3.308466308
440,140.800000,3.308466308
441,141.120000,3.312176621
442,141.440000,3.312176621
443,141.760000,3.312176621
444,142.080000,3.312176621
445,142.400000,3.312176621
446,142.720000,3.308466308
447,143.040000,3.308466308
448,143.360000,3.308466308
449,143.680000,3.308466308
450,144.000000,3.312176621
451,144.320000,3.312176621
452,144.640000,3.312176621
453,144.960000,3.312176621
454,145.280000,3.308466308
455,145.600000,3.312176621
456,145.920000,3.312176621
457,146.240000,3.308466308
458,146.560000,3.312176621
459,146.880000,3.304755994
460,147.200000,3.301045681
461,147.520000,3.304755994
462,147.840000,3.304755994
463,148.160000,3.308466308
464,148.480000,3.308466308
465,148.800000,3.312176621
466,149.120000,3.308466308
467,149.440000,3.308466308
468,149.760000,3.308466308
469,150.080000,3.308466308
470,150.400000,3.308466308
471,150.720000,3.308466308
472,151.040000,3.304755994
473,151.360000,3.301045681
474,151.680000,3.308466308
475,152.000000,3.308466308
476,152.320000,3.308466308
477,152.640000,3.308466308
478,152.960000,3.304755994
479,153.280000,3.301045681
480,153.600000,3.304755994
481,153.920000,3.304755994
482,154.240000,3.304755994
483,154.560000,3.308466308
484,154.880000,3.304755994
485,155.200000,3.301045681
486,155.520000,3.304755994
487,155.840000,3.301045681
488,156.160000,3.308466308
489,156.480000,3.308466308
490,156.800000,3.304755994
491,157.120000,3.304755994
492,157.440000,3.312176621
493,157.760000,3.308466308
494,158.080000,3.308466308
495,158.400000,3.301045681
496,158.720000,3.304755994
497,159.040000,3.308466308
498,159.360000,3.308466308
499,159.680000,3.308466308
500,160.000000,3.312176621
501,160.320000,3.312176621
502,160.640000,3.312176621
503,160.960000,3.308466308
504,161.280000,3.304755994
505,161.600000,3.301045681
506,161.920000,3.304755994
507,162.240000,3.308466308
508,162.560000,3.312176621
509,162.880000,3.308466308
510,163.200000,3.308466308
511,163.520000,3.308466308
512,163.840000,3.308466308
513,164.160000,3.312176621
514,164.480000,3.308466308
515,164.800000,3.308466308
516,165.120000,3.308466308
517,165.440000,3.308466308
518,165.760000,3.308466308
519,166.080000,3.308466308
520,166.400000,3.308466308
521,166.720000,3.308466308
522,167.040000,3.308466308
523,167.360000,3.308466308
524,167.680000,3.312176621
525,168.000000,3.312176621
526,168.320000,3.315886934
527,168.640000,3.315886934
528,168.960000,3.308466308
529,169.280000,3.308466308
530,169.600000,3.304755994
531,169.920000,3.304755994
532,170.240000,3.308466308
533,170.560000,3.308466308
534,170.880000,3.308466308
535,171.200000,3.308466308
536,171.520000,3.308466308
537,171.840000,3.304755994
538,172.160000,3.301045681
539,172.480000,3.304755994
540,172.800000,3.304755994
541,173.120000,3.304755994
542,173.440000,3.304755994
543,173.760000,3.304755994
544,174.080000,3.312176621
545,174.400000,3.304755994
546,174.720000,3.304755994
547,175.040000,3.304755994
548,175.360000,3.308466308
549,175.680000,3.304755994
550,176.000000,3.304755994
551,176.320000,3.312176621
552,176.640000,3.304755994
553,176.960000,3.308466308
554,177.280000,3.304755994
555,177.600000,3.308466308
556,177.920000,3.308466308
557,178.240000,3.308466308
558,178.560000,3.312176621
559,178.880000,3.304755994
560,179.200000,3.304755994
561,179.520000,3.308466308
562,179.840000,3.312176621
563,180.160000,3.312176621
564,180.480000,3.312176621
565,180.800000,3.312176621
566,181.120000,3.308466308
567,181.440000,3.308466308
568,181.760000,3.308466308
569,182.080000,3.308466308
570,182.400000,3.304755994
571,182.720000,3.308466308
572,183.040000,3.308466308
573,183.360000,3.304755994
574,183.680000,3.308466308
575,184.000000,3.308466308
576,184.320000,3.308466308
577,184.640000,3.308466308
578,184.960000,3.312176621
579,185.280000,3.312176621
580,185.600000,3.312176621
581,185.920000,3.315886934
582,186.240000,3.315886934
583,186.560000,3.315886934
584,186.880000,3.315886934
585,187.200000,3.312176621
586,187.520000,3.308466308
587,187.840000,3.308466308
588,188.160000,3.304755994
589,188.480000,3.308466308
590,188.800000,3.304755994
591,189.120000,3.312176621
592,189.440000,3.312176621
593,189.760000,3.312176621
594,190.080000,3.312176621
595,190.400000,3.308466308
596,190.720000,3.304755994
597,191.040000,3.304755994
598,191.360000,3.304755994
599,191.680000,3.304755994
600,192.000000,3.304755994
601,192.320000,3.304755994
602,192.640000,3.308466308
603,192.960000,3.304755994
604,193.280000,3.304755994
605,193.600000,3.301045681
606,193.920000,3.304755994
607,194.240000,3.308466308
608,194.560000,3.312176621
609,194.880000,3.308466308
610,195.200000,3.308466308
611,195.520000,3.308466308
612,195.840000,3.304755994
613,196.160000,3.304755994
614,196.480000,3.304755994
615,196.800000,3.297335368
616,197.120000,3.304755994
617,197.440000,3.308466308
618,197.760000,3.308466308
619,198.080000,3.308466308
620,198.400000,3.304755994
621,198.720000,3.304755994
622,199.040000,3.304755994
623,199.360000,3.304755994
624,199.680000,3.304755994
625,200.000000,3.301045681
626,200.320000,3.304755994
627,200.640000,3.308466308
628,200.960000,3.304755994
629,201.280000,3.308466308
630,201.600000,3.304755994
631,201.920000,3.301045681
632,202.240000,3.304755994
633,202.560000,3.304755994
634,202.880000,3.308466308
635,203.200000,3.308466308
636,203.520000,3.312176621
637,203.840000,3.308466308
638,204.160000,3.308466308
639,204.480000,3.304755994
640,204.800000,3.304755994
641,205.120000,3.308466308
642,205.440000,3.308466308
643,205.760000,3.308466308
644,206.080000,3.308466308
645,206.400000,3.304755994
646,206.720000,3.312176621
647,207.040000,3.312176621
648,207.360000,3.304755994
649,207.680000,3.308466308
650,208.000000,3.308466308
651,208.320000,3.308466308
652,208.640000,3.304755994
653,208.960000,3.304755994
654,209.280000,3.308466308
655,209.600000,3.312176621
656,209.920000,3.312176621
657,210.240000,3.312176621
658,210.560000,3.312176621
659,210.880000,3.308466308
660,211.200000,3.308466308
661,211.520000,3.312176621
662,211.840000,3.308466308
663,212.160000,3.308466308
664,212.480000,3.304755994
665,212.800000,3.304755994
666,213.120000,3.308466308
667,213.440000,3.308466308
668,213.760000,3.312176621
669,214.080000,3.312176621
670,214.400000,3.308466308
671,214.720000,3.308466308
672,215.040000,3.304755994
673,215.360000,3.304755994
674,215.680000,3.308466308
675,216.000000,3.304755994
676,216.320000,3.301045681
677,216.640000,3.304755994
678,216.960000,3.304755994
679,217.280000,3.304755994
680,217.600000,3.304755994
681,217.920000,3.304755994
682,218.240000,3.304755994
683,218.560000,3.304755994
684,218.880000,3.304755994
685,219.200000,3.308466308
686,219.520000,3.308466308
687,219.840000,3.308466308
688,220.160000,3.304755994
689,220.480000,3.308466308
690,220.800000,3.304755994
691,221.120000,3.308466308
692,221.440000,3.308466308
693,221.760000,3.304755994
694,222.080000,3.304755994
695,222.400000,3.304755994
696,222.720000,3.304755994
697,223.040000,3.304755994
698,223.360000,3.301045681
699,223.680000,3.308466308
700,224.000000,3.308466308
701,224.320000,3.308466308
702,224.640000,3.304755994
703,224.960000,3.308466308
704,225.280000,3.301045681
705,225.600000,3.304755994
706,225.920000,3.308466308
707,226.240000,3.312176621
708,226.560000,3.308466308
709,226.880000,3.308466308
710,227.200000,3.308466308
711,227.520000,3.312176621
712,227.840000,3.304755994
713,228.160000,3.308466308
714,228.480000,3.312176621
715,228.800000,3.308466308
716,229.120000,3.308466308
717,229.440000,3.308466308
718,229.760000,3.308466308
719,230.080000,3.312176621
720,230.400000,3.312176621
721,230.720000,3.308466308
722,231.040000,3.304755994
723,231.360000,3.301045681
724,231.680000,3.304755994
725,232.000000,3.308466308
726,232.320000,3.312176621
727,232.640000,3.315886934
728,232.960000,3.315886934
729,233.280000,3.308466308
730,233.600000,3.308466308
731,233.920000,3.308466308
732,234.240000,3.312176621
733,234.560000,3.312176621
734,234.880000,3.312176621
735,235.200000,3.312176621
736,235.520000,3.308466308
737,235.840000,3.312176621
738,236.160000,3.308466308
739,236.480000,3.312176621
740,236.800000,3.304755994
741,237.120000,3.308466308
742,237.440000,3.308466308
743,237.760000,3.308466308
744,238.080000,3.308466308
745,238.400000,3.308466308
746,238.720000,3.308466308
747,239.040000,3.304755994
748,239.360000,3.308466308
749,239.680000,3.312176621
750,240.000000,3.304755994
751,240.320000,3.308466308
752,240.640000,3.308466308
753,240.960000,3.304755994
754,241.280000,3.308466308
755,241.600000,3.312176621
756,241.920000,3.312176621
757,242.240000,3.304755994
758,242.560000,3.308466308
759,242.880000,3.308466308
760,243.200000,3.308466308
761,243.520000,3.308466308
762,243.840000,3.312176621
763,244.160000,3.312176621
764,244.480000,3.308466308
765,244.800000,3.308466308
766,245.120000,3.304755994
767,245.440000,3.308466308
768,245.760000,3.308466308
769,246.080000,3.308466308
770,246.400000,3.308466308
771,246.720000,3.312176621
772,247.040000,3.312176621
773,247.360000,3.308466308
774,247.680000,3.308466308
775,248.000000,3.308466308
776,248.320000,3.308466308
777,248.640000,3.304755994
778,248.960000,3.308466308
779,249.280000,3.301045681
780,249.600000,3.301045681
781,249.920000,3.308466308
782,250.240000,3.304755994
783,250.560000,3.304755994
784,250.880000,3.304755994
785,251.200000,3.301045681
786,251.520000,3.304755994
787,251.840000,3.304755994
788,252.160000,3.304755994
789,252.480000,3.308466308
790,252.800000,3.304755994
791,253.120000,3.308466308
792,253.440000,3.308466308
793,253.760000,3.308466308
794,254.080000,3.308466308
795,254.400000,3.312176621
796,254.720000,3.308466308
797,255.040000,3.312176621
798,255.360000,3.308466308
799,255.680000,3.308466308
800,256.000000,3.308466308
801,256.320000,3.308466308
802,256.640000,3.308466308
803,256.960000,3.308466308
804,257.280000,3.304755994
805,257.600000,3.312176621
806,257.920000,3.312176621
807,258.240000,3.312176621
808,258.560000,3.315886934
809,258.880000,3.308466308
810,259.200000,3.304755994
811,259.520000,3.304755994
812,259.840000,3.312176621
813,260.160000,3.312176621
814,260.480000,3.304755994
815,260.800000,3.304755994
816,261.120000,3.301045681
817,261.440000,3.301045681
818,261.760000,3.304755994
819,262.080000,3.308466308
820,262.400000,3.308466308
821,262.720000,3.308466308
822,263.040000,3.308466308
823,263.360000,3.304755994
824,263.680000,3.304755994
825,264.000000,3.304755994
826,264.320000,3.308466308
827,264.640000,3.301045681
828,264.960000,3.304755994
829,265.280000,3.304755994
830,265.600000,3.304755994
831,265.920000,3.301045681
832,266.240000,3.301045681
833,266.560000,3.301045681
834,266.880000,3.301045681
835,267.200000,3.304755994
836,267.520000,3.304755994
837,267.840000,3.308466308
838,268.160000,3.308466308
839,268.480000,3.304755994
840,268.800000,3.308466308
841,269.120000,3.308466308
842,269.440000,3.304755994
843,269.760000,3.308466308
844,270.080000,3.312176621
845,270.400000,3.308466308
846,270.720000,3.308466308
847,271.040000,3.308466308
848,271.360000,3.304755994
849,271.680000,3.304755994
850,272.000000,3.304755994
851,272.320000,3.304755994
852,272.640000,3.301045681
853,272.960000,3.304755994
854,273.280000,3.304755994
855,273.600000,3.304755994
856,273.920000,3.308466308
857,274.240000,3.308466308
858,274.560000,3.304755994
859,274.880000,3.304755994
860,275.200000,3.304755994
861,275.520000,3.304755994
862,275.840000,3.308466308
863,276.160000,3.304755994
864,276.480000,3.308466308
865,276.800000,3.308466308
866,277.120000,3.304755994
867,277.440000,3.304755994
868,277.760000,3.301045681
869,278.080000,3.301045681
870,278.400000,3.297335368
871,278.720000,3.301045681
872,279.040000,3.301045681
873,279.360000,3.304755994
874,279.680000,3.304755994
875,280.000000,3.308466308
876,280.320000,3.308466308
877,280.640000,3.308466308
878,280.960000,3.304755994
879,281.280000,3.304755994
880,281.600000,3.301045681
881,281.920000,3.304755994
882,282.240000,3.304755994
883,282.560000,3.308466308
884,282.880000,3.308466308
885,283.200000,3.308466308
886,283.520000,3.312176621
887,283.840000,3.312176621
888,284.160000,3.312176621
889,284.480000,3.308466308
890,284.800000,3.304755994
891,285.120000,3.301045681
892,285.440000,3.301045681
893,285.760000,3.304755994
894,286.080000,3.304755994
895,286.400000,3.308466308
896,286.720000,3.308466308
897,287.040000,3.312176621
898,287.360000,3.308466308
899,287.680000,3.308466308
900,288.000000,3.308466308
901,288.320000,3.304755994
902,288.640000,3.308466308
903,288.960000,3.304755994
904,289.280000,3.308466308
905,289.600000,3.308466308
906,289.920000,3.312176621
907,290.240000,3.304755994
908,290.560000,3.301045681
909,290.880000,3.304755994
910,291.200000,3.304755994
911,291.520000,3.308466308
912,291.840000,3.312176621
913,292.160000,3.308466308
914,292.480000,3.304755994
915,292.800000,3.304755994
916,293.120000,3.308466308
917,293.440000,3.308466308
918,293.760000,3.312176621
919,294.080000,3.312176621
920,294.400000,3.312176621
921,294.720000,3.312176621
922,295.040000,3.308466308
923,295.360000,3.308466308
924,295.680000,3.304755994
925,296.000000,3.304755994
926,296.320000,3.304755994
927,296.640000,3.304755994
928,296.960000,3.304755994
929,297.280000,3.308466308
930,297.600000,3.304755994
931,297.920000,3.308466308
932,298.240000,3.308466308
933,298.560000,3.308466308
934,298.880000,3.308466308
935,299.200000,3.308466308
936,299.520000,3.312176621
937,299.840000,3.304755994
938,300.160000,3.301045681
939,300.480000,3.301045681
940,300.800000,3.304755994
941,301.120000,3.301045681
942,301.440000,3.301045681
943,301.760000,3.304755994
944,302.080000,3.304755994
945,302.400000,3.308466308
946,302.720000,3.308466308
947,303.040000,3.308466308
948,303.360000,3.312176621
949,303.680000,3.312176621
950,304.000000,3.308466308
951,304.320000,3.315886934
952,304.640000,3.315886934
953,304.960000,3.312176621
954,305.280000,3.315886934
955,305.600000,3.315886934
956,305.920000,3.312176621
957,306.240000,3.312176621
958,306.560000,3.312176621
959,306.880000,3.308466308
960,307.200000,3.315886934
961,307.520000,3.308466308
962,307.840000,3.308466308
963,308.160000,3.312176621
964,308.480000,3.308466308
965,308.800000,3.308466308
966,309.120000,3.304755994
967,309.440000,3.308466308
968,309.760000,3.315886934
969,310.080000,3.312176621
970,310.400000,3.308466308
971,310.720000,3.308466308
972,311.040000,3.308466308
973,311.360000,3.308466308
974,311.680000,3.304755994
975,312.000000,3.308466308
976,312.320000,3.312176621
977,312.640000,3.312176621
978,312.960000,3.319597247
979,313.280000,3.312176621
980,313.600000,3.308466308
981,313.920000,3.308466308
982,314.240000,3.308466308
983,314.560000,3.304755994
984,314.880000,3.304755994
985,315.200000,3.304755994
986,315.520000,3.308466308
987,315.840000,3.304755994
988,316.160000,3.304755994
989,316.480000,3.308466308
990,316.800000,3.308466308
991,317.120000,3.304755994
992,317.440000,3.308466308
993,317.760000,3.308466308
994,318.080000,3.312176621
995,318.400000,3.315886934
996,318.720000,3.312176621
997,319.040000,3.308466308
998,319.360000,3.308466308
999,319.680000,3.312176621
1000,320.000000,3.315886934
1001,320.320000,3.315886934
1002,320.640000,3.315886934
1003,320.960000,3.312176621
1004,321.280000,3.312176621
1005,321.600000,3.308466308
1006,321.920000,3.308466308
1007,322.240000,3.308466308
1008,322.560000,3.308466308
1009,322.880000,3.312176621
1010,323.200000,3.312176621
1011,323.520000,3.312176621
1012,323.840000,3.308466308
1013,324.160000,3.304755994
1014,324.480000,3.308466308
1015,324.800000,3.304755994
1016,325.120000,3.304755994
1017,325.440000,3.304755994
1018,325.760000,3.312176621
1019,326.080000,3.312176621
1020,326.400000,3.315886934
1021,326.720000,3.319597247
1022,327.040000,3.312176621
1023,327.360000,3.308466308
1024,327.680000,3.308466308
1025,328.000000,3.308466308
1026,328.320000,3.312176621
1027,328.640000,3.315886934
1028,328.960000,3.312176621
1029,329.280000,3.312176621
1030,329.600000,3.312176621
1031,329.920000,3.315886934
1032,330.240000,3.312176621
1033,330.560000,3.308466308
1034,330.880000,3.312176621
1035,331.200000,3.312176621
1036,331.520000,3.312176621
1037,331.840000,3.312176621
1038,332.160000,3.312176621
1039,332.480000,3.308466308
1040,332.800000,3.308466308
1041,333.120000,3.308466308
1042,333.440000,3.308466308
1043,333.760000,3.308466308
1044,334.080000,3.312176621
1045,334.400000,3.312176621
1046,334.720000,3.312176621
1047,335.040000,3.312176621
1048,335.360000,3.308466308
1049,335.680000,3.304755994
1050,336.000000,3.301045681
1051,336.320000,3.301045681
1052,336.640000,3.304755994
1053,336.960000,3.304755994
1054,337.280000,3.304755994
1055,337.600000,3.304755994
1056,337.920000,3.304755994
1057,338.240000,3.308466308
1058,338.560000,3.304755994
1059,338.880000,3.301045681
1060,339.200000,3.308466308
1061,339.520000,3.308466308
1062,339.840000,3.308466308
1063,340.160000,3.312176621
1064,340.480000,3.315886934
1065,340.800000,3.315886934
1066,341.120000,3.312176621
1067,341.440000,3.308466308
1068,341.760000,3.308466308
1069,342.080000,3.308466308
1070,342.400000,3.312176621
1071,342.720000,3.312176621
1072,343.040000,3.312176621
1073,343.360000,3.312176621
1074,343.680000,3.304755994
1075,344.000000,3.312176621
1076,344.320000,3.312176621
1077,344.640000,3.312176621
1078,344.960000,3.312176621
1079,345.280000,3.308466308
1080,345.600000,3.312176621
1081,345.920000,3.312176621
1082,346.240000,3.308466308
1083,346.560000,3.304755994
1084,346.880000,3.304755994
1085,347.200000,3.308466308
1086,347.520000,3.312176621
1087,347.840000,3.308466308
1088,348.160000,3.312176621
1089,348.480000,3.312176621
1090,348.800000,3.312176621
1091,349.120000,3.308466308
1092,349.440000,3.312176621
1093,349.760000,3.304755994
1094,350.080000,3.308466308
1095,350.400000,3.312176621
1096,350.720000,3.315886934
1097,351.040000,3.315886934
1098,351.360000,3.312176621
1099,351.680000,3.308466308
1100,352.000000,3.312176621
1101,352.320000,3.312176621
1102,352.640000,3.308466308
1103,352.960000,3.312176621
1104,353.280000,3.312176621
1105,353.600000,3.312176621
1106,353.920000,3.315886934
1107,354.240000,3.312176621
1108,354.560000,3.312176621
1109,354.880000,3.312176621
1110,355.200000,3.312176621
1111,355.520000,3.315886934
1112,355.840000,3.308466308
1113,356.160000,3.312176621
1114,356.480000,3.312176621
1115,356.800000,3.312176621
1116,357.120000,3.312176621
1117,357.440000,3.312176621
1118,357.760000,3.315886934
1119,358.080000,3.308466308
1120,358.400000,3.308466308
1121,358.720000,3.308466308
1122,359.040000,3.308466308
1123,359.360000,3.312176621
1124,359.680000,3.308466308
1125,360.000000,3.304755994
1126,360.320000,3.301045681
1127,360.640000,3.301045681
1128,360.960000,3.301045681
1129,361.280000,3.304755994
1130,361.600000,3.301045681
1131,361.920000,3.301045681
1132,362.240000,3.308466308
1133,362.560000,3.308466308
1134,362.880000,3.308466308
1135,363.200000,3.304755994
1136,363.520000,3.304755994
1137,363.840000,3.308466308
1138,364.160000,3.304755994
1139,364.480000,3.304755994
1140,364.800000,3.304755994
1141,365.120000,3.308466308
1142,365.440000,3.308466308
1143,365.760000,3.308466308
1144,366.080000,3.304755994
1145,366.400000,3.304755994
1146,366.720000,3.304755994
1147,367.040000,3.308466308
1148,367.360000,3.304755994
1149,367.680000,3.304755994
1150,368.000000,3.304755994
1151,368.320000,3.304755994
1152,368.640000,3.304755994
1153,368.960000,3.304755994
1154,369.280000,3.304755994
1155,369.600000,3.304755994
1156,369.920000,3.304755994
1157,370.240000,3.304755994
1158,370.560000,3.301045681
1159,370.880000,3.304755994
1160,371.200000,3.304755994
1161,371.520000,3.304755994
1162,371.840000,3.304755994
1163,372.160000,3.308466308
1164,372.480000,3.308466308
1165,372.800000,3.308466308
1166,373.120000,3.304755994
1167,373.440000,3.304755994
1168,373.760000,3.308466308
1169,374.080000,3.304755994
1170,374.400000,3.308466308
1171,374.720000,3.304755994
1172,375.040000,3.304755994
1173,375.360000,3.308466308
1174,375.680000,3.308466308
1175,376.000000,3.308466308
1176,376.320000,3.308466308
1177,376.640000,3.304755994
1178,376.960000,3.308466308
1179,377.280000,3.304755994
1180,377.600000,3.308466308
1181,377.920000,3.308466308
1182,378.240000,3.312176621
1183,378.560000,3.312176621
1184,378.880000,3.312176621
1185,379.200000,3.312176621
1186,379.520000,3.308466308
1187,379.840000,3.308466308
1188,380.160000,3.304755994
1189,380.480000,3.308466308
1190,380.800000,3.304755994
1191,381.120000,3.304755994
1192,381.440000,3.312176621
1193,381.760000,3.308466308
1194,382.080000,3.308466308
1195,382.400000,3.304755994
1196,382.720000,3.308466308
1197,383.040000,3.304755994
1198,383.360000,3.308466308
1199,383.680000,3.308466308
1200,384.000000,3.308466308
1201,384.320000,3.312176621
1202,384.640000,3.308466308
1203,384.960000,3.308466308
1204,385.280000,3.308466308
1205,385.600000,3.304755994
1206,385.920000,3.308466308
1207,386.240000,3.308466308
1208,386.560000,3.312176621
1209,386.880000,3.308466308
1210,387.200000,3.312176621
1211,387.520000,3.304755994
1212,387.840000,3.304755994
1213,388.160000,3.304755994
1214,388.480000,3.304755994
1215,388.800000,3.301045681
1216,389.120000,3.304755994
1217,389.440000,3.304755994
1218,389.760000,3.301045681
1219,390.080000,3.304755994
1220,390.400000,3.301045681
1221,390.720000,3.304755994
1222,391.040000,3.304755994
1223,391.360000,3.304755994
1224,391.680000,3.308466308
1225,392.000000,3.308466308
1226,392.320000,3.308466308
1227,392.640000,3.308466308
1228,392.960000,3.308466308
1229,393.280000,3.304755994
1230,393.600000,3.304755994
1231,393.920000,3.304755994
1232,394.240000,3.304755994
1233,394.560000,3.308466308
1234,394.880000,3.308466308
1235,395.200000,3.312176621
1236,395.520000,3.308466308
1237,395.840000,3.308466308
1238,396.160000,3.304755994
1239,396.480000,3.308466308
1240,396.800000,3.308466308
1241,397.120000,3.308466308
1242,397.440000,3.308466308
1243,397.760000,3.312176621
1244,398.080000,3.312176621
1245,398.400000,3.312176621
1246,398.720000,3.315886934
1247,399.040000,3.308466308
1248,399.360000,3.304755994
1249,399.680000,3.304755994
1250,400.000000,3.304755994
1251,400.320000,3.308466308
1252,400.640000,3.304755994
1253,400.960000,3.308466308
1254,401.280000,3.308466308
1255,401.600000,3.304755994
1256,401.920000,3.304755994
1257,402.240000,3.308466308
1258,402.560000,3.308466308
1259,402.880000,3.312176621
1260,403.200000,3.312176621
1261,403.520000,3.315886934
1262,403.840000,3.312176621
1263,404.160000,3.308466308
1264,404.480000,3.308466308
1265,404.800000,3.308466308
1266,405.120000,3.308466308
1267,405.440000,3.312176621
1268,405.760000,3.308466308
1269,406.080000,3.308466308
1270,406.400000,3.308466308
1271,406.720000,3.304755994
1272,407.040000,3.301045681
1273,407.360000,3.304755994
1274,407.680000,3.304755994
1275,408.000000,3.304755994
1276,408.320000,3.308466308
1277,408.640000,3.304755994
1278,408.960000,3.301045681
1279,409.280000,3.304755994
1280,409.600000,3.301045681
1281,409.920000,3.301045681
1282,410.240000,3.297335368
1283,410.560000,3.304755994
1284,410.880000,3.308466308
1285,411.200000,3.308466308
1286,411.520000,3.312176621
1287,411.840000,3.308466308
1288,412.160000,3.304755994
1289,412.480000,3.308466308
1290,412.800000,3.308466308
1291,413.120000,3.304755994
1292,413.440000,3.304755994
1293,413.760000,3.304755994
1294,414.080000,3.301045681
1295,414.400000,3.301045681
1296,414.720000,3.301045681
1297,415.040000,3.304755994
1298,415.360000,3.308466308
1299,415.680000,3.308466308
1300,416.000000,3.304755994
1301,416.320000,3.301045681
1302,416.640000,3.304755994
1303,416.960000,3.297335368
1304,417.280000,3.297335368
1305,417.600000,3.304755994
1306,417.920000,3.304755994
1307,418.240000,3.304755994
1308,418.560000,3.308466308
1309,418.880000,3.308466308
1310,419.200000,3.312176621
1311,419.520000,3.312176621
1312,419.840000,3.315886934
1313,420.160000,3.312176621
1314,420.480000,3.312176621
1315,420.800000,3.308466308
1316,421.120000,3.308466308
1317,421.440000,3.308466308
1318,421.760000,3.312176621
1319,422.080000,3.308466308
1320,422.400000,3.308466308
1321,422.720000,3.304755994
1322,423.040000,3.308466308
1323,423.360000,3.308466308
1324,423.680000,3.308466308
1325,424.000000,3.308466308
1326,424.320000,3.308466308
1327,424.640000,3.304755994
1328,424.960000,3.312176621
1329,425.280000,3.312176621
1330,425.600000,3.315886934
1331,425.920000,3.312176621
1332,426.240000,3.308466308
1333,426.560000,3.308466308
1334,426.880000,3.312176621
1335,427.200000,3.308466308
1336,427.520000,3.308466308
1337,427.840000,3.312176621
1338,428.160000,3.308466308
1339,428.480000,3.304755994
1340,428.800000,3.304755994
1341,429.120000,3.304755994
1342,429.440000,3.308466308
1343,429.760000,3.308466308
1344,430.080000,3.312176621
1345,430.400000,3.312176621
1346,430.720000,3.312176621
1347,431.040000,3.308466308
1348,431.360000,3.312176621
1349,431.680000,3.312176621
1350,432.000000,3.312176621
1351,432.320000,3.312176621
1352,432.640000,3.308466308
1353,432.960000,3.304755994
1354,433.280000,3.308466308
1355,433.600000,3.304755994
1356,433.920000,3.304755994
1357,434.240000,3.304755994
1358,434.560000,3.304755994
1359,434.880000,3.304755994
1360,435.200000,3.304755994
1361,435.520000,3.304755994
1362,435.840000,3.304755994
1363,436.160000,3.301045681
1364,436.480000,3.308466308
1365,436.800000,3.304755994
1366,437.120000,3.304755994
1367,437.440000,3.304755994
1368,437.760000,3.304755994
1369,438.080000,3.304755994
1370,438.400000,3.304755994
1371,438.720000,3.308466308
1372,439.040000,3.308466308
1373,439.360000,3.304755994
1374,439.680000,3.301045681
1375,440.000000,3.301045681
1376,440.320000,3.308466308
1377,440.640000,3.308466308
1378,440.960000,3.308466308
1379,441.280000,3.308466308
1380,441.600000,3.308466308
1381,441.920000,3.315886934
1382,442.240000,3.308466308
1383,442.560000,3.312176621
1384,442.880000,3.312176621
1385,443.200000,3.308466308
1386,443.520000,0.592517031
1387,443.840000,-0.075339348
1388,444.160000,-0.086470288
1389,444.480000,-0.093890914
1390,444.800000,-0.093890914
1391,445.120000,-0.093890914
1392,445.440000,-0.093890914
1393,445.760000,-0.090180601
1394,446.080000,-0.090180601
1395,446.400000,-0.093890914
1396,446.720000,-0.093890914
1397,447.040000,-0.086470288
1398,447.360000,-0.086470288
1399,447.680000,-0.082759974
1400,448.000000,-0.079049661
1401,448.320000,-0.082759974
1402,448.640000,-0.086470288
1403,448.960000,-0.082759974
1404,449.280000,-0.086470288
1405,449.600000,-0.086470288
1406,449.920000,-0.090180601
1407,450.240000,-0.086470288
1408,450.560000,-0.086470288
1409,450.880000,-0.086470288
1410,451.200000,-0.090180601
1411,451.520000,-0.090180601
1412,451.840000,-0.090180601
1413,452.160000,-0.090180601
1414,452.480000,-0.093890914
1415,452.800000,-0.093890914
1416,453.120000,-0.093890914
1417,453.440000,-0.090180601
1418,453.760000,-0.090180601
1419,454.080000,-0.093890914
1420,454.400000,-0.093890914
1421,454.720000,-0.093890914
1422,455.040000,-0.093890914
1423,455.360000,-0.097601227
1424,455.680000,-0.093890914
1425,456.000000,-0.090180601
1426,456.320000,-0.090180601
1427,456.640000,-0.090180601
1428,456.960000,-0.090180601
1429,457.280000,-0.090180601
1430,457.600000,-0.090180601
1431,457.920000,-0.097601227
1432,458.240000,-0.101311540
1433,458.560000,-0.097601227
1434,458.880000,-0.097601227
1435,459.200000,-0.097601227
1436,459.520000,-0.097601227
1437,459.840000,-0.093890914
1438,460.160000,-0.097601227
1439,460.480000,-0.093890914
1440,460.800000,-0.097601227
1441,461.120000,-0.093890914
1442,461.440000,-0.093890914
1443,461.760000,-0.090180601
1444,462.080000,-0.093890914
1445,462.400000,-0.093890914
1446,462.720000,-0.097601227
1447,463.040000,-0.101311540
1448,463.360000,-0.097601227
1449,463.680000,-0.097601227
1450,464.000000,-0.097601227
1451,464.320000,-0.090180601
1452,464.640000,-0.093890914
1453,464.960000,-0.086470288
1454,465.280000,-0.090180601
1455,465.600000,-0.090180601
1456,465.920000,-0.090180601
1457,466.240000,-0.086470288
1458,466.560000,-0.090180601
1459,466.880000,-0.097601227
1460,467.200000,-0.097601227
1461,467.520000,-0.097601227
1462,467.840000,-0.097601227
1463,468.160000,-0.093890914
1464,468.480000,-0.090180601
1465,468.800000,-0.086470288
1466,469.120000,-0.090180601
1467,469.440000,-0.086470288
1468,469.760000,-0.082759974
1469,470.080000,-0.086470288
1470,470.400000,-0.082759974
1471,470.720000,-0.090180601
1472,471.040000,-0.086470288
1473,471.360000,-0.090180601
1474,471.680000,-0.086470288
1475,472.000000,-0.086470288
1476,472.320000,-0.086470288
1477,472.640000,-0.086470288
1478,472.960000,-0.082759974
1479,473.280000,-0.090180601
1480,473.600000,-0.090180601
1481,473.920000,-0.086470288
1482,474.240000,-0.086470288
1483,474.560000,-0.090180601
1484,474.880000,-0.079049661
1485,475.200000,-0.082759974
1486,475.520000,-0.086470288
1487,475.840000,-0.086470288
1488,476.160000,-0.086470288
1489,476.480000,-0.082759974
1490,476.800000,-0.082759974
1491,477.120000,-0.086470288
1492,477.440000,-0.086470288
1493,477.760000,-0.082759974
1494,478.080000,-0.086470288
1495,478.400000,-0.086470288
1496,478.720000,-0.082759974
1497,479.040000,-0.086470288
1498,479.360000,-0.090180601
1499,479.680000,-0.086470288
1500,480.000000,-0.090180601
1501,480.320000,-0.090180601
1502,480.640000,-0.093890914
1503,480.960000,-0.090180601
1504,481.280000,-0.086470288
1505,481.600000,-0.086470288
1506,481.920000,-0.082759974
1507,482.240000,-0.086470288
1508,482.560000,-0.086470288
1509,482.880000,-0.086470288
1510,483.200000,-0.086470288
1511,483.520000,-0.082759974
1512,483.840000,-0.090180601
1513,484.160000,-0.086470288
1514,484.480000,-0.082759974
1515,484.800000,-0.082759974
1516,485.120000,-0.079049661
1517,485.440000,-0.079049661
1518,485.760000,-0.079049661
1519,486.080000,-0.079049661
1520,486.400000,-0.079049661
1521,486.720000,-0.079049661
1522,487.040000,-0.079049661
1523,487.360000,-0.079049661
1524,487.680000,-0.075339348
1525,488.000000,-0.079049661
1526,488.320000,-0.075339348
1527,488.640000,-0.079049661
1528,488.960000,-0.075339348
1529,489.280000,-0.079049661
1530,489.600000,-0.075339348
1531,489.920000,-0.071629035
1532,490.240000,-0.071629035
1533,490.560000,-0.071629035
1534,490.880000,-0.075339348
1535,491.200000,-0.082759974
1536,491.520000,-0.079049661
1537,491.840000,-0.075339348
1538,492.160000,-0.075339348
1539,492.480000,-0.071629035
1540,492.800000,-0.075339348
1541,493.120000,-0.075339348
1542,493.440000,-0.075339348
1543,493.760000,-0.075339348
1544,494.080000,-0.071629035
1545,494.400000,-0.075339348
1546,494.720000,-0.071629035
1547,495.040000,-0.067918721
1548,495.360000,-0.071629035
1549,495.680000,-0.071629035
1550,496.000000,-0.075339348
1551,496.320000,-0.071629035
1552,496.640000,-0.067918721
1553,496.960000,-0.067918721
1554,497.280000,-0.067918721
1555,497.600000,-0.071629035
1556,497.920000,-0.075339348
1557,498.240000,-0.075339348
1558,498.560000,-0.071629035
1559,498.880000,-0.075339348
1560,499.200000,-0.071629035
1561,499.520000,-0.071629035
1562,499.840000,-0.071629035
1563,500.160000,-0.064208408
1564,500.480000,-0.064208408
1565,500.800000,-0.067918721
1566,501.120000,-0.064208408
1567,501.440000,-0.060498095
1568,501.760000,-0.060498095
1569,502.080000,-0.064208408
1570,502.400000,-0.067918721
1571,502.720000,-0.067918721
1572,503.040000,-0.071629035
1573,503.360000,-0.067918721
1574,503.680000,-0.067918721
1575,504.000000,-0.064208408
1576,504.320000,-0.064208408
1577,504.640000,-0.067918721
1578,504.960000,-0.067918721
1579,505.280000,-0.067918721
1580,505.600000,-0.067918721
1581,505.920000,-0.064208408
1582,506.240000,-0.064208408
1583,506.560000,-0.071629035
1584,506.880000,-0.064208408
1585,507.200000,-0.064208408
1586,507.520000,-0.064208408
1587,507.840000,-0.064208408
1588,508.160000,-0.064208408
1589,508.480000,-0.060498095
1590,508.800000,-0.064208408
1591,509.120000,-0.056787782
1592,509.440000,-0.064208408
1593,509.760000,-0.060498095
1594,510.080000,-0.060498095
1595,510.400000,-0.060498095
1596,510.720000,-0.064208408
1597,511.040000,-0.064208408
1598,511.360000,-0.060498095
1599,511.680000,-0.064208408
1600,512.000000,-0.060498095
1601,512.320000,-0.056787782
1602,512.640000,-0.053077469
1603,512.960000,-0.056787782
1604,513.280000,-0.056787782
1605,513.600000,-0.056787782
1606,513.920000,-0.056787782
1607,514.240000,-0.064208408
1608,514.560000,-0.060498095
1609,514.880000,-0.056787782
1610,515.200000,-0.060498095
1611,515.520000,-0.060498095
1612,515.840000,-0.060498095
1613,516.160000,-0.056787782
1614,516.480000,-0.056787782
1615,516.800000,-0.056787782
1616,517.120000,-0.056787782
1617,517.440000,-0.053077469
1618,517.760000,-0.060498095
1619,518.080000,-0.056787782
1620,518.400000,-0.056787782
1621,518.720000,-0.053077469
1622,519.040000,-0.056787782
1623,519.360000,-0.049367155
1624,519.680000,-0.056787782
1625,520.000000,-0.056787782
1626,520.320000,-0.056787782
1627,520.640000,-0.056787782
1628,520.960000,-0.056787782
1629,521.280000,-0.056787782
1630,521.600000,-0.056787782
1631,521.920000,-0.060498095
1632,522.240000,-0.060498095
1633,522.560000,-0.060498095
1634,522.880000,-0.060498095
1635,523.200000,-0.056787782
1636,523.520000,-0.060498095
1637,523.840000,-0.056787782
1638,524.160000,-0.056787782
1639,524.480000,-0.053077469
1640,524.800000,-0.045656842
1641,525.120000,-0.049367155
1642,525.440000,-0.049367155
1643,525.760000,-0.049367155
1644,526.080000,-0.053077469
1645,526.400000,-0.056787782
1646,526.720000,-0.056787782
1647,527.040000,-0.053077469
1648,527.360000,-0.053077469
1649,527.680000,-0.053077469
1650,528.000000,-0.053077469
1651,528.320000,-0.049367155
1652,528.640000,-0.053077469
1653,528.960000,-0.049367155
1654,529.280000,-0.056787782
1655,529.600000,-0.056787782
1656,529.920000,-0.056787782
1657,530.240000,-0.056787782
1658,530.560000,-0.049367155
1659,530.880000,-0.056787782
1660,531.200000,-0.056787782
1661,531.520000,-0.056787782
1662,531.840000,-0.053077469
1663,532.160000,-0.056787782
1664,532.480000,-0.056787782
1665,532.800000,-0.053077469
1666,533.120000,-0.056787782
1667,533.440000,-0.060498095
1668,533.760000,-0.053077469
1669,534.080000,-0.049367155
1670,534.400000,-0.053077469
1671,534.720000,-0.053077469
1672,535.040000,-0.053077469
1673,535.360000,-0.053077469
1674,535.680000,-0.045656842
1675,536.000000,-0.045656842
1676,536.320000,-0.049367155
1677,536.640000,-0.045656842
1678,536.960000,-0.049367155
1679,537.280000,-0.045656842
1680,537.600000,-0.053077469
1681,537.920000,-0.053077469
1682,538.240000,-0.049367155
1683,538.560000,-0.049367155
1684,538.880000,-0.049367155
1685,539.200000,-0.053077469
1686,539.520000,-0.053077469
1687,539.840000,-0.049367155
1688,540.160000,-0.049367155
1689,540.480000,-0.056787782
1690,540.800000,-0.053077469
1691,541.120000,-0.045656842
1692,541.440000,-0.049367155
1693,541.760000,-0.053077469
1694,542.080000,-0.053077469
1695,542.400000,-0.045656842
1696,542.720000,-0.053077469
1697,543.040000,-0.053077469
1698,543.360000,-0.056787782
1699,543.680000,-0.053077469
1700,544.000000,-0.053077469
1701,544.320000,-0.053077469
1702,544.640000,-0.053077469
1703,544.960000,-0.053077469
1704,545.280000,-0.053077469
1705,545.600000,-0.053077469
1706,545.920000,-0.053077469
1707,546.240000,-0.049367155
1708,546.560000,-0.049367155
1709,546.880000,-0.053077469
1710,547.200000,-0.049367155
1711,547.520000,0.985810233
1712,547.840000,3.308466308
1713,548.160000,3.334438500
1714,548.480000,3.345569440
1715,548.800000,3.352990066
1716,549.120000,3.349279753
1717,549.440000,3.345569440
1718,549.760000,3.345569440
1719,550.080000,3.345569440
1720,550.400000,3.345569440
1721,550.720000,3.341859127
1722,551.040000,3.345569440
1723,551.360000,3.341859127
1724,551.680000,3.338148813
1725,552.000000,3.338148813
1726,552.320000,3.334438500
1727,552.640000,3.334438500
1728,552.960000,3.338148813
1729,553.280000,3.341859127
1730,553.600000,3.341859127
1731,553.920000,3.341859127
1732,554.240000,3.345569440
1733,554.560000,3.341859127
1734,554.880000,3.341859127
1735,555.200000,3.338148813
1736,555.520000,3.341859127
1737,555.840000,3.341859127
1738,556.160000,3.341859127
1739,556.480000,3.341859127
1740,556.800000,3.338148813
1741,557.120000,3.338148813
1742,557.440000,3.341859127
1743,557.760000,3.338148813
1744,558.080000,3.341859127
1745,558.400000,3.345569440
1746,558.720000,3.345569440
1747,559.040000,3.349279753
1748,559.360000,3.349279753
1749,559.680000,3.345569440
1750,560.000000,3.349279753
1751,560.320000,3.349279753
1752,560.640000,3.349279753
1753,560.960000,3.345569440
1754,561.280000,3.352990066
1755,561.600000,3.352990066
1756,561.920000,3.349279753
1757,562.240000,3.349279753
1758,562.560000,3.349279753
1759,562.880000,3.352990066
1760,563.200000,3.349279753
1761,563.520000,3.352990066
1762,563.840000,3.352990066
1763,564.160000,3.352990066
1764,564.480000,3.352990066
1765,564.800000,3.349279753
1766,565.120000,3.352990066
1767,565.440000,3.352990066
1768,565.760000,3.352990066
1769,566.080000,3.349279753
1770,566.400000,3.352990066
1771,566.720000,3.352990066
1772,567.040000,3.352990066
1773,567.360000,3.352990066
1774,567.680000,3.349279753
1775,568.000000,3.345569440
1776,568.320000,3.345569440
1777,568.640000,3.349279753
1778,568.960000,3.352990066
1779,569.280000,3.345569440
1780,569.600000,3.349279753
1781,569.920000,3.345569440
1782,570.240000,3.345569440
1783,570.560000,3.345569440
1784,570.880000,3.345569440
1785,571.200000,3.349279753
1786,571.520000,3.349279753
1787,571.840000,3.349279753
1788,572.160000,3.345569440
1789,572.480000,3.345569440
1790,572.800000,3.345569440
1791,573.120000,3.341859127
1792,573.440000,3.345569440
1793,573.760000,3.345569440
1794,574.080000,3.345569440
1795,574.400000,3.345569440
1796,574.720000,3.345569440
1797,575.040000,3.345569440
1798,575.360000,3.341859127
1799,575.680000,3.341859127
1800,576.000000,3.338148813
1801,576.320000,3.338148813
1802,576.640000,3.338148813
1803,576.960000,3.341859127
1804,577.280000,3.345569440
1805,577.600000,3.345569440
1806,577.920000,3.345569440
1807,578.240000,3.345569440
1808,578.560000,3.341859127
1809,578.880000,3.338148813
1810,579.200000,3.338148813
1811,579.520000,3.334438500
1812,579.840000,3.341859127
1813,580.160000,3.341859127
1814,580.480000,3.341859127
1815,580.800000,3.341859127
1816,581.120000,3.338148813
1817,581.440000,3.341859127
1818,581.760000,3.345569440
1819,582.080000,3.345569440
1820,582.400000,3.341859127
1821,582.720000,3.341859127
1822,583.040000,3.341859127
1823,583.360000,3.341859127
1824,583.680000,3.341859127
1825,584.000000,3.341859127
1826,584.320000,3.338148813
1827,584.640000,3.341859127
1828,584.960000,3.338148813
1829,585.280000,3.341859127
1830,585.600000,3.338148813
1831,585.920000,3.341859127
1832,586.240000,3.338148813
1833,586.560000,3.334438500
1834,586.880000,3.334438500
1835,587.200000,3.338148813
1836,587.520000,3.341859127
1837,587.840000,3.338148813
1838,588.160000,3.341859127
1839,588.480000,3.338148813
1840,588.800000,3.341859127
1841,589.120000,3.334438500
1842,589.440000,3.330728187
1843,589.760000,3.338148813
1844,590.080000,3.338148813
1845,590.400000,3.338148813
1846,590.720000,3.341859127
1847,591.040000,3.338148813
1848,591.360000,3.334438500
1849,591.680000,3.338148813
1850,592.000000,3.334438500
1851,592.320000,3.334438500
1852,592.640000,3.338148813
1853,592.960000,3.338148813
1854,593.280000,3.334438500
1855,593.600000,3.338148813
1856,593.920000,3.334438500
1857,594.240000,3.330728187
1858,594.560000,3.327017874
1859,594.880000,3.323307560
1860,595.200000,3.330728187
1861,595.520000,3.327017874
1862,595.840000,3.334438500
1863,596.160000,3.327017874
1864,596.480000,3.330728187
1865,596.800000,3.327017874
1866,597.120000,3.330728187
1867,597.440000,3.327017874
1868,597.760000,3.330728187
1869,598.080000,3.330728187
1870,598.400000,3.327017874
1871,598.720000,3.327017874
1872,599.040000,3.327017874
1873,599.360000,3.330728187
1874,599.680000,3.327017874
1875,600.000000,3.330728187
1876,600.320000,3.334438500
1877,600.640000,3.330728187
1878,600.960000,3.327017874
1879,601.280000,3.327017874
1880,601.600000,3.323307560
1881,601.920000,3.327017874
1882,602.240000,3.327017874
1883,602.560000,3.323307560
1884,602.880000,3.327017874
1885,603.200000,3.327017874
1886,603.520000,3.330728187
1887,603.840000,3.327017874
1888,604.160000,3.327017874
1889,604.480000,3.327017874
1890,604.800000,3.327017874
1891,605.120000,3.327017874
1892,605.440000,3.330728187
1893,605.760000,3.323307560
1894,606.080000,3.319597247
1895,606.400000,3.323307560
1896,606.720000,3.323307560
1897,607.040000,3.323307560
1898,607.360000,3.327017874
1899,607.680000,3.327017874
1900,608.000000,3.330728187
1901,608.320000,3.327017874
1902,608.640000,3.327017874
1903,608.960000,3.330728187
1904,609.280000,3.330728187
1905,609.600000,3.327017874
1906,609.920000,3.327017874
1907,610.240000,3.327017874
1908,610.560000,3.330728187
1909,610.880000,3.330728187
1910,611.200000,3.334438500
1911,611.520000,3.334438500
1912,611.840000,3.327017874
1913,612.160000,3.327017874
1914,612.480000,3.327017874
1915,612.800000,3.323307560
1916,613.120000,3.327017874
1917,613.440000,3.327017874
1918,613.760000,3.330728187
1919,614.080000,3.327017874
1920,614.400000,3.323307560
1921,614.720000,3.327017874
1922,615.040000,3.327017874
1923,615.360000,3.327017874
1924,615.680000,3.323307560
1925,616.000000,3.327017874
1926,616.320000,3.319597247
1927,616.640000,3.323307560
1928,616.960000,3.327017874
1929,617.280000,3.323307560
1930,617.600000,3.323307560
1931,617.920000,3.323307560
1932,618.240000,3.323307560
1933,618.560000,3.323307560
1934,618.880000,3.323307560
1935,619.200000,3.327017874
1936,619.520000,3.319597247
1937,619.840000,3.327017874
1938,620.160000,3.323307560
1939,620.480000,3.327017874
1940,620.800000,3.323307560
1941,621.120000,3.323307560
1942,621.440000,3.323307560
1943,621.760000,3.327017874
1944,622.080000,3.327017874
1945,622.400000,3.327017874
1946,622.720000,3.327017874
1947,623.040000,3.327017874
1948,623.360000,3.327017874
1949,623.680000,3.323307560
1950,624.000000,3.319597247
1951,624.320000,3.319597247
1952,624.640000,3.319597247
1953,624.960000,3.319597247
1954,625.280000,3.315886934
1955,625.600000,3.319597247
1956,625.920000,3.315886934
1957,626.240000,3.319597247
1958,626.560000,3.323307560
1959,626.880000,3.323307560
1960,627.200000,3.319597247
1961,627.520000,3.319597247
1962,627.840000,3.315886934
1963,628.160000,3.315886934
1964,628.480000,3.315886934
1965,628.800000,3.312176621
1966,629.120000,3.315886934
1967,629.440000,3.312176621
1968,629.760000,3.315886934
1969,630.080000,3.319597247
1970,630.400000,3.315886934
1971,630.720000,3.323307560
1972,631.040000,3.323307560
1973,631.360000,3.319597247
1974,631.680000,3.319597247
1975,632.000000,3.319597247
1976,632.320000,3.323307560
1977,632.640000,3.319597247
1978,632.960000,3.315886934
1979,633.280000,3.315886934
1980,633.600000,3.312176621
1981,633.920000,3.312176621
1982,634.240000,3.312176621
1983,634.560000,3.315886934
1984,634.880000,3.319597247
1985,635.200000,3.323307560
1986,635.520000,3.330728187
1987,635.840000,3.323307560
1988,636.160000,3.323307560
1989,636.480000,3.323307560
1990,636.800000,3.319597247
1991,637.120000,3.315886934
1992,637.440000,3.323307560
1993,637.760000,3.319597247
1994,638.080000,3.319597247
1995,638.400000,3.315886934
1996,638.720000,3.315886934
1997,639.040000,3.319597247
1998,639.360000,3.315886934
1999,639.680000,3.319597247
2000,640.000000,3.319597247
2001,640.320000,3.315886934
2002,640.640000,3.315886934
2003,640.960000,3.315886934
2004,641.280000,3.315886934
2005,641.600000,3.312176621
2006,641.920000,3.315886934
2007,642.240000,3.308466308
2008,642.560000,3.312176621
2009,642.880000,3.315886934
2010,643.200000,3.315886934
2011,643.520000,3.315886934
2012,643.840000,3.312176621
2013,644.160000,3.312176621
2014,644.480000,3.308466308
2015,644.800000,3.312176621
2016,645.120000,3.312176621
2017,645.440000,3.315886934
2018,645.760000,3.319597247
2019,646.080000,3.315886934
2020,646.400000,3.312176621
2021,646.720000,3.315886934
2022,647.040000,3.315886934
2023,647.360000,3.315886934
2024,647.680000,3.315886934
2025,648.000000,3.312176621
2026,648.320000,3.308466308
2027,648.640000,3.312176621
2028,648.960000,3.315886934
2029,649.280000,3.319597247
2030,649.600000,3.312176621
2031,649.920000,3.312176621
2032,650.240000,3.315886934
2033,650.560000,3.319597247
2034,650.880000,3.315886934
2035,651.200000,3.315886934
2036,651.520000,3.315886934
2037,651.840000,0.588806718
2038,652.160000,-0.067918721
2039,652.480000,-0.079049661
2040,652.800000,-0.090180601
2041,653.120000,-0.090180601
2042,653.440000,-0.090180601
2043,653.760000,-0.090180601
2044,654.080000,-0.090180601
2045,654.400000,-0.090180601
2046,654.720000,-0.090180601
2047,655.040000,-0.086470288
2048,655.360000,-0.082759974
2049,655.680000,-0.082759974
2050,656.000000,-0.082759974
2051,656.320000,-0.082759974
2052,656.640000,-0.086470288
2053,656.960000,-0.090180601
2054,657.280000,-0.082759974
2055,657.600000,-0.082759974
2056,657.920000,-0.086470288
2057,658.240000,-0.082759974
2058,658.560000,-0.079049661
2059,658.880000,-0.079049661
2060,659.200000,-0.082759974
2061,659.520000,-0.079049661
2062,659.840000,-0.082759974
2063,660.160000,-0.082759974
2064,660.480000,-0.082759974
2065,660.800000,-0.082759974
2066,661.120000,-0.086470288
2067,661.440000,-0.086470288
2068,661.760000,-0.086470288
2069,662.080000,-0.090180601
2070,662.400000,-0.090180601
2071,662.720000,-0.090180601
2072,663.040000,-0.090180601
2073,663.360000,-0.090180601
2074,663.680000,-0.090180601
2075,664.000000,-0.093890914
2076,664.320000,-0.097601227
2077,664.640000,-0.101311540
2078,664.960000,-0.093890914
2079,665.280000,-0.093890914
2080,665.600000,-0.090180601
2081,665.920000,-0.093890914
2082,666.240000,-0.090180601
2083,666.560000,-0.086470288
2084,666.880000,-0.093890914
2085,667.200000,-0.097601227
2086,667.520000,-0.097601227
2087,667.840000,-0.097601227
2088,668.160000,-0.093890914
2089,668.480000,-0.093890914
2090,668.800000,-0.097601227
2091,669.120000,-0.097601227
2092,669.440000,-0.093890914
2093,669.760000,-0.090180601
2094,670.080000,-0.093890914
2095,670.400000,-0.090180601
2096,670.720000,-0.090180601
2097,671.040000,-0.086470288
2098,671.360000,-0.090180601
2099,671.680000,-0.097601227
2100,672.000000,-0.093890914
2101,672.320000,-0.093890914
2102,672.640000,-0.097601227
2103,672.960000,-0.090180601
2104,673.280000,-0.090180601
2105,673.600000,-0.086470288
2106,673.920000,-0.093890914
2107,674.240000,-0.093890914
2108,674.560000,-0.093890914
2109,674.880000,-0.093890914
2110,675.200000,-0.090180601
2111,675.520000,-0.090180601
2112,675.840000,-0.086470288
2113,676.160000,-0.086470288
2114,676.480000,-0.086470288
2115,676.800000,-0.086470288
2116,677.120000,-0.093890914
2117,677.440000,-0.093890914
2118,677.760000,-0.093890914
2119,678.080000,-0.097601227
2120,678.400000,-0.093890914
2121,678.720000,-0.090180601
2122,679.040000,-0.090180601
2123,679.360000,-0.090180601
2124,679.680000,-0.093890914
2125,680.000000,-0.090180601
2126,680.320000,-0.086470288
2127,680.640000,-0.086470288
2128,680.960000,-0.086470288
2129,681.280000,-0.086470288
2130,681.600000,-0.086470288
2131,681.920000,-0.086470288
2132,682.240000,-0.086470288
2133,682.560000,-0.079049661
2134,682.880000,-0.082759974
2135,683.200000,-0.079049661
2136,683.520000,-0.079049661
2137,683.840000,-0.082759974
2138,684.160000,-0.082759974
2139,684.480000,-0.086470288
2140,684.800000,-0.086470288
2141,685.120000,-0.082759974
2142,685.440000,-0.082759974
2143,685.760000,-0.079049661
2144,686.080000,-0.082759974
2145,686.400000,-0.082759974
2146,686.720000,-0.082759974
2147,687.040000,-0.082759974
2148,687.360000,-0.079049661
2149,687.680000,-0.079049661
2150,688.000000,-0.075339348
2151,688.320000,-0.079049661
2152,688.640000,-0.079049661
2153,688.960000,-0.079049661
2154,689.280000,-0.082759974
2155,689.600000,-0.082759974
2156,689.920000,-0.086470288
2157,690.240000,-0.086470288
2158,690.560000,-0.086470288
2159,690.880000,-0.086470288
2160,691.200000,-0.082759974
2161,691.520000,-0.079049661
2162,691.840000,-0.079049661
2163,692.160000,-0.082759974
2164,692.480000,-0.082759974
2165,692.800000,-0.079049661
2166,693.120000,-0.075339348
2167,693.440000,-0.079049661
2168,693.760000,-0.075339348
2169,694.080000,-0.079049661
2170,694.400000,-0.079049661
2171,694.720000,-0.079049661
2172,695.040000,-0.082759974
2173,695.360000,-0.082759974
2174,695.680000,-0.079049661
2175,696.000000,-0.079049661
2176,696.320000,-0.082759974
2177,696.640000,-0.075339348
2178,696.960000,-0.079049661
2179,697.280000,-0.075339348
2180,697.600000,-0.075339348
2181,697.920000,-0.071629035
2182,698.240000,-0.079049661
2183,698.560000,-0.075339348
2184,698.880000,-0.075339348
2185,699.200000,-0.079049661
2186,699.520000,-0.079049661
2187,699.840000,-0.079049661
2188,700.160000,-0.071629035
2189,700.480000,-0.075339348
2190,700.800000,-0.071629035
2191,701.120000,-0.075339348
2192,701.440000,-0.071629035
2193,701.760000,-0.071629035
2194,702.080000,-0.075339348
2195,702.400000,-0.079049661
2196,702.720000,-0.082759974
2197,703.040000,-0.079049661
2198,703.360000,-0.075339348
2199,703.680000,-0.067918721
2200,704.000000,-0.067918721
2201,704.320000,-0.071629035
2202,704.640000,-0.067918721
2203,704.960000,-0.067918721
2204,705.280000,-0.067918721
2205,705.600000,-0.067918721
2206,705.920000,-0.060498095
2207,706.240000,-0.064208408
2208,706.560000,-0.067918721
2209,706.880000,-0.067918721
2210,707.200000,-0.067918721
2211,707.520000,-0.067918721
2212,707.840000,-0.067918721
2213,708.160000,-0.064208408
2214,708.480000,-0.067918721
2215,708.800000,-0.064208408
2216,709.120000,-0.064208408
2217,709.440000,-0.064208408
2218,709.760000,-0.064208408
2219,710.080000,-0.064208408
2220,710.400000,-0.064208408
2221,710.720000,-0.067918721
2222,711.040000,-0.067918721
2223,711.360000,-0.071629035
2224,711.680000,-0.071629035
2225,712.000000,-0.067918721
2226,712.320000,-0.071629035
2227,712.640000,-0.067918721
2228,712.960000,-0.067918721
2229,713.280000,-0.064208408
2230,713.600000,-0.071629035
2231,713.920000,-0.067918721
2232,714.240000,-0.067918721
2233,714.560000,-0.064208408
2234,714.880000,-0.064208408
2235,715.200000,-0.064208408
2236,715.520000,-0.067918721
2237,715.840000,-0.067918721
2238,716.160000,-0.067918721
2239,716.480000,-0.064208408
2240,716.800000,-0.067918721
2241,717.120000,-0.071629035
2242,717.440000,-0.064208408
2243,717.760000,-0.067918721
2244,718.080000,-0.064208408
2245,718.400000,-0.067918721
2246,718.720000,-0.064208408
2247,719.040000,-0.064208408
2248,719.360000,-0.067918721
2249,719.680000,-0.067918721
2250,720.000000,-0.067918721
2251,720.320000,-0.064208408
2252,720.640000,-0.064208408
2253,720.960000,-0.064208408
2254,721.280000,-0.064208408
2255,721.600000,-0.064208408
2256,721.920000,-0.056787782
2257,722.240000,-0.053077469
2258,722.560000,-0.053077469
2259,722.880000,-0.056787782
2260,723.200000,-0.060498095
2261,723.520000,-0.060498095
2262,723.840000,-0.060498095
2263,724.160000,-0.056787782
2264,724.480000,-0.056787782
2265,724.800000,-0.056787782
2266,725.120000,-0.053077469
2267,725.440000,-0.060498095
2268,725.760000,-0.064208408
2269,726.080000,-0.067918721
2270,726.400000,-0.060498095
2271,726.720000,-0.060498095
2272,727.040000,-0.056787782
2273,727.360000,-0.053077469
2274,727.680000,-0.056787782
2275,728.000000,-0.053077469
2276,728.320000,-0.053077469
2277,728.640000,-0.053077469
2278,728.960000,-0.053077469
2279,729.280000,-0.060498095
2280,729.600000,-0.053077469
2281,729.920000,-0.060498095
2282,730.240000,-0.060498095
2283,730.560000,-0.060498095
2284,730.880000,-0.060498095
2285,731.200000,-0.060498095
2286,731.520000,-0.053077469
2287,731.840000,-0.056787782
2288,732.160000,-0.056787782
2289,732.480000,-0.056787782
2290,732.800000,-0.049367155
2291,733.120000,-0.056787782
2292,733.440000,-0.060498095
2293,733.760000,-0.056787782
2294,734.080000,-0.056787782
2295,734.400000,-0.060498095
2296,734.720000,-0.064208408
2297,735.040000,-0.060498095
2298,735.360000,-0.060498095
2299,735.680000,-0.060498095
2300,736.000000,-0.060498095
2301,736.320000,-0.064208408
2302,736.640000,-0.060498095
2303,736.960000,-0.064208408
2304,737.280000,-0.053077469
2305,737.600000,-0.056787782
2306,737.920000,-0.056787782
2307,738.240000,-0.060498095
2308,738.560000,-0.064208408
2309,738.880000,-0.060498095
2310,739.200000,-0.056787782
2311,739.520000,-0.056787782
2312,739.840000,-0.053077469
2313,740.160000,-0.056787782
2314,740.480000,-0.056787782
2315,740.800000,-0.060498095
2316,741.120000,-0.060498095
2317,741.440000,-0.056787782
2318,741.760000,-0.056787782
2319,742.080000,-0.053077469
2320,742.400000,-0.053077469
2321,742.720000,-0.053077469
2322,743.040000,-0.056787782
2323,743.360000,-0.056787782
2324,743.680000,-0.053077469
2325,744.000000,-0.049367155
2326,744.320000,-0.053077469
2327,744.640000,-0.053077469
2328,744.960000,-0.053077469
2329,745.280000,-0.053077469
2330,745.600000,-0.053077469
2331,745.920000,-0.053077469
2332,746.240000,-0.053077469
2333,746.560000,-0.053077469
2334,746.880000,-0.060498095
2335,747.200000,-0.056787782
2336,747.520000,-0.053077469
2337,747.840000,-0.053077469
2338,748.160000,-0.053077469
2339,748.480000,-0.053077469
2340,748.800000,-0.053077469
2341,749.120000,-0.056787782
2342,749.440000,-0.049367155
2343,749.760000,-0.049367155
2344,750.080000,-0.049367155
2345,750.400000,-0.045656842
2346,750.720000,-0.045656842
2347,751.040000,-0.049367155
2348,751.360000,-0.053077469
2349,751.680000,-0.049367155
2350,752.000000,-0.049367155
2351,752.320000,-0.049367155
2352,752.640000,-0.053077469
2353,752.960000,-0.053077469
2354,753.280000,-0.053077469
2355,753.600000,-0.056787782
2356,753.920000,-0.049367155
2357,754.240000,-0.049367155
2358,754.560000,-0.053077469
2359,754.880000,-0.049367155
2360,755.200000,-0.053077469
2361,755.520000,-0.049367155
2362,755.840000,1.004361799
2363,756.160000,3.315886934
2364,756.480000,3.334438500
2365,756.800000,3.345569440
2366,757.120000,3.345569440
2367,757.440000,3.341859127
2368,757.760000,3.345569440
2369,758.080000,3.345569440
2370,758.400000,3.345569440
2371,758.720000,3.345569440
2372,759.040000,3.345569440
2373,759.360000,3.341859127
2374,759.680000,3.341859127
2375,760.000000,3.341859127
2376,760.320000,3.341859127
2377,760.640000,3.338148813
2378,760.960000,3.334438500
2379,761.280000,3.334438500
2380,761.600000,3.338148813
2381,761.920000,3.334438500
2382,762.240000,3.338148813
2383,762.560000,3.334438500
2384,762.880000,3.338148813
2385,763.200000,3.338148813
2386,763.520000,3.338148813
2387,763.840000,3.341859127
2388,764.160000,3.338148813
2389,764.480000,3.341859127
2390,764.800000,3.341859127
2391,765.120000,3.345569440
2392,765.440000,3.349279753
2393,765.760000,3.345569440
2394,766.080000,3.345569440
2395,766.400000,3.345569440
2396,766.720000,3.349279753
2397,767.040000,3.352990066
2398,767.360000,3.349279753
2399,767.680000,3.345569440
2400,768.000000,3.349279753
2401,768.320000,3.345569440
2402,768.640000,3.349279753
2403,768.960000,3.349279753
2404,769.280000,3.356700379
2405,769.600000,3.352990066
2406,769.920000,3.349279753
2407,770.240000,3.349279753
2408,770.560000,3.345569440
2409,770.880000,3.345569440
2410,771.200000,3.349279753
2411,771.520000,3.345569440
2412,771.840000,3.352990066
2413,772.160000,3.356700379
2414,772.480000,3.356700379
2415,772.800000,3.352990066
2416,773.120000,3.356700379
2417,773.440000,3.352990066
2418,773.760000,3.352990066
2419,774.080000,3.349279753
2420,774.400000,3.345569440
2421,774.720000,3.349279753
2422,775.040000,3.349279753
2423,775.360000,3.345569440
2424,775.680000,3.352990066
2425,776.000000,3.352990066
2426,776.320000,3.352990066
2427,776.640000,3.352990066
2428,776.960000,3.349279753
2429,777.280000,3.349279753
2430,777.600000,3.349279753
2431,777.920000,3.349279753
2432,778.240000,3.352990066
2433,778.560000,3.352990066
2434,778.880000,3.352990066
2435,779.200000,3.352990066
2436,779.520000,3.352990066
2437,779.840000,3.356700379
2438,780.160000,3.349279753
2439,780.480000,3.352990066
2440,780.800000,3.356700379
2441,781.120000,3.349279753
2442,781.440000,3.352990066
2443,781.760000,3.349279753
2444,782.080000,3.349279753
2445,782.400000,3.345569440
2446,782.720000,3.349279753
2447,783.040000,3.341859127
2448,783.360000,3.341859127
2449,783.680000,3.338148813
2450,784.000000,3.338148813
2451,784.320000,3.345569440
2452,784.640000,3.341859127
2453,784.960000,3.341859127
2454,785.280000,3.345569440
2455,785.600000,3.341859127
2456,785.920000,3.341859127
2457,786.240000,3.345569440
2458,786.560000,3.341859127
2459,786.880000,3.341859127
2460,787.200000,3.341859127
2461,787.520000,3.345569440
2462,787.840000,3.345569440
2463,788.160000,3.345569440
2464,788.480000,3.345569440
2465,788.800000,3.349279753
2466,789.120000,3.345569440
2467,789.440000,3.345569440
2468,789.760000,3.341859127
2469,790.080000,3.334438500
2470,790.400000,3.338148813
2471,790.720000,3.338148813
2472,791.040000,3.345569440
2473,791.360000,3.345569440
2474,791.680000,3.341859127
2475,792.000000,3.338148813
2476,792.320000,3.338148813
2477,792.640000,3.338148813
2478,792.960000,3.338148813
2479,793.280000,3.334438500
2480,793.600000,3.338148813
2481,793.920000,3.338148813
2482,794.240000,3.341859127
2483,794.560000,3.341859127
2484,794.880000,3.338148813
2485,795.200000,3.334438500
2486,795.520000,3.338148813
2487,795.840000,3.334438500
2488,796.160000,3.330728187
2489,796.480000,3.334438500
2490,796.800000,3.338148813
2491,797.120000,3.334438500
2492,797.440000,3.338148813
2493,797.760000,3.334438500
2494,798.080000,3.330728187
2495,798.400000,3.330728187
2496,798.720000,3.330728187
2497,799.040000,3.330728187
2498,799.360000,3.327017874
2499,799.680000,3.330728187
2500,800.000000,3.330728187
2501,800.320000,3.334438500
2502,800.640000,3.334438500
2503,800.960000,3.334438500
2504,801.280000,3.338148813
2505,801.600000,3.330728187
2506,801.920000,3.334438500
2507,802.240000,3.330728187
2508,802.560000,3.334438500
2509,802.880000,3.334438500
2510,803.200000,3.330728187
2511,803.520000,3.330728187
2512,803.840000,3.330728187
2513,804.160000,3.334438500
2514,804.480000,3.327017874
2515,804.800000,3.327017874
2516,805.120000,3.334438500
2517,805.440000,3.330728187
2518,805.760000,3.334438500
2519,806.080000,3.338148813
2520,806.400000,3.330728187
2521,806.720000,3.327017874
2522,807.040000,3.323307560
2523,807.360000,3.323307560
2524,807.680000,3.323307560
2525,808.000000,3.323307560
2526,808.320000,3.327017874
2527,808.640000,3.330728187
2528,808.960000,3.330728187
2529,809.280000,3.327017874
2530,809.600000,3.327017874
2531,809.920000,3.330728187
2532,810.240000,3.330728187
2533,810.560000,3.327017874
2534,810.880000,3.327017874
2535,811.200000,3.327017874
2536,811.520000,3.323307560
2537,811.840000,3.323307560
2538,812.160000,3.323307560
2539,812.480000,3.327017874
2540,812.800000,3.327017874
2541,813.120000,3.323307560
2542,813.440000,3.327017874
2543,813.760000,3.327017874
2544,814.080000,3.323307560
2545,814.400000,3.327017874
2546,814.720000,3.323307560
2547,815.040000,3.323307560
2548,815.360000,3.323307560
2549,815.680000,3.323307560
2550,816.000000,3.323307560
2551,816.320000,3.327017874
2552,816.640000,3.330728187
2553,816.960000,3.330728187
2554,817.280000,3.327017874
2555,817.600000,3.327017874
2556,817.920000,3.323307560
2557,818.240000,3.319597247
2558,818.560000,3.323307560
2559,818.880000,3.315886934
2560,819.200000,3.323307560
2561,819.520000,3.319597247
2562,819.840000,3.315886934
2563,820.160000,3.323307560
2564,820.480000,3.323307560
2565,820.800000,3.323307560
2566,821.120000,3.312176621
2567,821.440000,3.323307560
2568,821.760000,3.319597247
2569,822.080000,3.323307560
2570,822.400000,3.323307560
2571,822.720000,3.323307560
2572,823.040000,3.323307560
2573,823.360000,3.319597247
2574,823.680000,3.323307560
2575,824.000000,3.319597247
2576,824.320000,3.319597247
2577,824.640000,3.323307560
2578,824.960000,3.323307560
2579,825.280000,3.319597247
2580,825.600000,3.319597247
2581,825.920000,3.319597247
2582,826.240000,3.319597247
2583,826.560000,3.319597247
2584,826.880000,3.319597247
2585,827.200000,3.319597247
2586,827.520000,3.319597247
2587,827.840000,3.315886934
2588,828.160000,3.315886934
2589,828.480000,3.319597247
2590,828.800000,3.315886934
2591,829.120000,3.319597247
2592,829.440000,3.323307560
2593,829.760000,3.315886934
2594,830.080000,3.315886934
2595,830.400000,3.315886934
2596,830.720000,3.312176621
2597,831.040000,3.312176621
2598,831.360000,3.315886934
2599,831.680000,3.319597247
2600,832.000000,3.319597247
2601,832.320000,3.315886934
2602,832.640000,3.315886934
2603,832.960000,3.312176621
2604,833.280000,3.315886934
2605,833.600000,3.315886934
2606,833.920000,3.315886934
2607,834.240000,3.315886934
2608,834.560000,3.312176621
2609,834.880000,3.312176621
2610,835.200000,3.308466308
2611,835.520000,3.315886934
2612,835.840000,3.315886934
2613,836.160000,3.312176621
2614,836.480000,3.308466308
2615,836.800000,3.315886934
2616,837.120000,3.315886934
2617,837.440000,3.315886934
2618,837.760000,3.315886934
2619,838.080000,3.315886934
2620,838.400000,3.312176621
2621,838.720000,3.315886934
2622,839.040000,3.315886934
2623,839.360000,3.312176621
2624,839.680000,3.312176621
2625,840.000000,3.304755994
2626,840.320000,3.308466308
2627,840.640000,3.312176621
2628,840.960000,3.312176621
2629,841.280000,3.315886934
2630,841.600000,3.312176621
2631,841.920000,3.315886934
2632,842.240000,3.315886934
2633,842.560000,3.315886934
2634,842.880000,3.312176621
2635,843.200000,3.312176621
2636,843.520000,3.312176621
2637,843.840000,3.315886934
2638,844.160000,3.315886934
2639,844.480000,3.315886934
2640,844.800000,3.315886934
2641,845.120000,3.315886934
2642,845.440000,3.312176621
2643,845.760000,3.312176621
2644,846.080000,3.308466308
2645,846.400000,3.308466308
2646,846.720000,3.312176621
2647,847.040000,3.315886934
2648,847.360000,3.315886934
2649,847.680000,3.312176621
2650,848.000000,3.308466308
2651,848.320000,3.308466308
2652,848.640000,3.312176621
2653,848.960000,3.312176621
2654,849.280000,3.312176621
2655,849.600000,3.312176621
2656,849.920000,3.308466308
2657,850.240000,3.308466308
2658,850.560000,3.308466308
2659,850.880000,3.312176621
2660,851.200000,3.312176621
2661,851.520000,3.308466308
2662,851.840000,3.312176621
2663,852.160000,3.308466308
2664,852.480000,3.308466308
2665,852.800000,3.301045681
2666,853.120000,3.304755994
2667,853.440000,3.308466308
2668,853.760000,3.304755994
2669,854.080000,3.312176621
2670,854.400000,3.308466308
2671,854.720000,3.312176621
2672,855.040000,3.308466308
2673,855.360000,3.308466308
2674,855.680000,3.304755994
2675,856.000000,3.304755994
2676,856.320000,3.308466308
2677,856.640000,3.308466308
2678,856.960000,3.312176621
2679,857.280000,3.312176621
2680,857.600000,3.312176621
2681,857.920000,3.312176621
2682,858.240000,3.308466308
2683,858.560000,3.308466308
2684,858.880000,3.312176621
2685,859.200000,3.308466308
2686,859.520000,3.304755994
2687,859.840000,3.304755994
2688,860.160000,0.566544839
2689,860.480000,-0.067918721
2690,860.800000,-0.086470288
2691,861.120000,-0.090180601
2692,861.440000,-0.090180601
2693,861.760000,-0.093890914
2694,862.080000,-0.093890914
2695,862.400000,-0.090180601
2696,862.720000,-0.086470288
2697,863.040000,-0.082759974
2698,863.360000,-0.082759974
2699,863.680000,-0.082759974
2700,864.000000,-0.079049661
2701,864.320000,-0.086470288
2702,864.640000,-0.090180601
2703,864.960000,-0.086470288
2704,865.280000,-0.079049661
2705,865.600000,-0.086470288
2706,865.920000,-0.086470288
2707,866.240000,-0.086470288
2708,866.560000,-0.086470288
2709,866.880000,-0.086470288
2710,867.200000,-0.086470288
2711,867.520000,-0.090180601
2712,867.840000,-0.086470288
2713,868.160000,-0.090180601
2714,868.480000,-0.086470288
2715,868.800000,-0.090180601
2716,869.120000,-0.090180601
2717,869.440000,-0.093890914
2718,869.760000,-0.086470288
2719,870.080000,-0.086470288
2720,870.400000,-0.082759974
2721,870.720000,-0.082759974
2722,871.040000,-0.086470288
2723,871.360000,-0.086470288
2724,871.680000,-0.086470288
2725,872.000000,-0.086470288
2726,872.320000,-0.086470288
2727,872.640000,-0.082759974
2728,872.960000,-0.090180601
2729,873.280000,-0.086470288
2730,873.600000,-0.090180601
2731,873.920000,-0.090180601
2732,874.240000,-0.097601227
2733,874.560000,-0.093890914
2734,874.880000,-0.093890914
2735,875.200000,-0.097601227
2736,875.520000,-0.090180601
2737,875.840000,-0.093890914
2738,876.160000,-0.097601227
2739,876.480000,-0.093890914
2740,876.800000,-0.097601227
2741,877.120000,-0.097601227
2742,877.440000,-0.093890914
2743,877.760000,-0.097601227
2744,878.080000,-0.093890914
2745,878.400000,-0.093890914
2746,878.720000,-0.097601227
2747,879.040000,-0.097601227
2748,879.360000,-0.097601227
2749,879.680000,-0.097601227
2750,880.000000,-0.093890914
2751,880.320000,-0.101311540
2752,880.640000,-0.101311540
2753,880.960000,-0.101311540
2754,881.280000,-0.093890914
2755,881.600000,-0.093890914
2756,881.920000,-0.093890914
2757,882.240000,-0.093890914
2758,882.560000,-0.090180601
2759,882.880000,-0.093890914
2760,883.200000,-0.093890914
2761,883.520000,-0.097601227
2762,883.840000,-0.093890914
2763,884.160000,-0.090180601
2764,884.480000,-0.090180601
2765,884.800000,-0.090180601
2766,885.120000,-0.090180601
2767,885.440000,-0.093890914
2768,885.760000,-0.090180601
2769,886.080000,-0.093890914
2770,886.400000,-0.090180601
2771,886.720000,-0.090180601
2772,887.040000,-0.093890914
2773,887.360000,-0.093890914
2774,887.680000,-0.093890914
2775,888.000000,-0.090180601
2776,888.320000,-0.090180601
2777,888.640000,-0.090180601
2778,888.960000,-0.086470288
2779,889.280000,-0.082759974
2780,889.600000,-0.079049661
2781,889.920000,-0.079049661
2782,890.240000,-0.086470288
2783,890.560000,-0.093890914
2784,890.880000,-0.090180601
2785,891.200000,-0.086470288
2786,891.520000,-0.082759974
2787,891.840000,-0.082759974
2788,892.160000,-0.086470288
2789,892.480000,-0.090180601
2790,892.800000,-0.086470288
2791,893.120000,-0.090180601
2792,893.440000,-0.090180601
2793,893.760000,-0.090180601
2794,894.080000,-0.086470288
2795,894.400000,-0.086470288
2796,894.720000,-0.090180601
2797,895.040000,-0.086470288
2798,895.360000,-0.090180601
2799,895.680000,-0.082759974
2800,896.000000,-0.086470288
2801,896.320000,-0.082759974
2802,896.640000,-0.079049661
2803,896.960000,-0.079049661
2804,897.280000,-0.079049661
2805,897.600000,-0.079049661
2806,897.920000,-0.079049661
2807,898.240000,-0.082759974
2808,898.560000,-0.082759974
2809,898.880000,-0.082759974
2810,899.200000,-0.082759974
2811,899.520000,-0.086470288
2812,899.840000,-0.082759974
2813,900.160000,-0.082759974
2814,900.480000,-0.082759974
2815,900.800000,-0.079049661
2816,901.120000,-0.082759974
2817,901.440000,-0.082759974
2818,901.760000,-0.082759974
2819,902.080000,-0.079049661
2820,902.400000,-0.079049661
2821,902.720000,-0.082759974
2822,903.040000,-0.086470288
2823,903.360000,-0.086470288
2824,903.680000,-0.082759974
2825,904.000000,-0.079049661
2826,904.320000,-0.075339348
2827,904.640000,-0.079049661
2828,904.960000,-0.082759974
2829,905.280000,-0.079049661
2830,905.600000,-0.086470288
2831,905.920000,-0.082759974
2832,906.240000,-0.082759974
2833,906.560000,-0.079049661
2834,906.880000,-0.082759974
2835,907.200000,-0.082759974
2836,907.520000,-0.086470288
2837,907.840000,-0.075339348
2838,908.160000,-0.071629035
2839,908.480000,-0.067918721
2840,908.800000,-0.067918721
2841,909.120000,-0.067918721
2842,909.440000,-0.075339348
2843,909.760000,-0.075339348
2844,910.080000,-0.075339348
2845,910.400000,-0.071629035
2846,910.720000,-0.071629035
2847,911.040000,-0.071629035
2848,911.360000,-0.071629035
2849,911.680000,-0.071629035
2850,912.000000,-0.067918721
2851,912.320000,-0.071629035
2852,912.640000,-0.067918721
2853,912.960000,-0.071629035
2854,913.280000,-0.071629035
2855,913.600000,-0.067918721
2856,913.920000,-0.067918721
2857,914.240000,-0.067918721
2858,914.560000,-0.075339348
2859,914.880000,-0.079049661
2860,915.200000,-0.079049661
2861,915.520000,-0.079049661
2862,915.840000,-0.075339348
2863,916.160000,-0.071629035
2864,916.480000,-0.075339348
2865,916.800000,-0.067918721
2866,917.120000,-0.067918721
2867,917.440000,-0.067918721
2868,917.760000,-0.067918721
2869,918.080000,-0.064208408
2870,918.400000,-0.060498095
2871,918.720000,-0.060498095
2872,919.040000,-0.060498095
2873,919.360000,-0.064208408
2874,919.680000,-0.064208408
2875,920.000000,-0.064208408
2876,920.320000,-0.064208408
2877,920.640000,-0.067918721
2878,920.960000,-0.064208408
2879,921.280000,-0.064208408
2880,921.600000,-0.071629035
2881,921.920000,-0.067918721
2882,922.240000,-0.071629035
2883,922.560000,-0.067918721
2884,922.880000,-0.071629035
2885,923.200000,-0.067918721
2886,923.520000,-0.067918721
2887,923.840000,-0.067918721
2888,924.160000,-0.067918721
2889,924.480000,-0.067918721
2890,924.800000,-0.067918721
2891,925.120000,-0.064208408
2892,925.440000,-0.064208408
2893,925.760000,-0.064208408
2894,926.080000,-0.064208408
2895,926.400000,-0.064208408
2896,926.720000,-0.060498095
2897,927.040000,-0.067918721
2898,927.360000,-0.067918721
2899,927.680000,-0.064208408
2900,928.000000,-0.067918721
2901,928.320000,-0.060498095
2902,928.640000,-0.060498095
2903,928.960000,-0.060498095
2904,929.280000,-0.056787782
2905,929.600000,-0.060498095
2906,929.920000,-0.060498095
2907,930.240000,-0.060498095
2908,930.560000,-0.060498095
2909,930.880000,-0.060498095
2910,931.200000,-0.064208408
2911,931.520000,-0.067918721
2912,931.840000,-0.064208408
2913,932.160000,-0.064208408
2914,932.480000,-0.056787782
2915,932.800000,-0.060498095
2916,933.120000,-0.056787782
2917,933.440000,-0.060498095
2918,933.760000,-0.053077469
2919,934.080000,-0.060498095
2920,934.400000,-0.060498095
2921,934.720000,-0.060498095
2922,935.040000,-0.060498095
2923,935.360000,-0.060498095
2924,935.680000,-0.060498095
2925,936.000000,-0.060498095
2926,936.320000,-0.064208408
2927,936.640000,-0.056787782
2928,936.960000,-0.056787782
2929,937.280000,-0.056787782
2930,937.600000,-0.056787782
2931,937.920000,-0.056787782
2932,938.240000,-0.053077469
2933,938.560000,-0.053077469
2934,938.880000,-0.056787782
2935,939.200000,-0.053077469
2936,939.520000,-0.060498095
2937,939.840000,-0.056787782
2938,940.160000,-0.060498095
2939,940.480000,-0.053077469
2940,940.800000,-0.056787782
2941,941.120000,-0.053077469
2942,941.440000,-0.053077469
2943,941.760000,-0.053077469
2944,942.080000,-0.053077469
2945,942.400000,-0.053077469
2946,942.720000,-0.056787782
2947,943.040000,-0.056787782
2948,943.360000,-0.056787782
2949,943.680000,-0.060498095
2950,944.000000,-0.060498095
2951,944.320000,-0.060498095
2952,944.640000,-0.060498095
2953,944.960000,-0.060498095
2954,945.280000,-0.056787782
2955,945.600000,-0.056787782
2956,945.920000,-0.053077469
2957,946.240000,-0.049367155
2958,946.560000,-0.053077469
2959,946.880000,-0.056787782
2960,947.200000,-0.053077469
2961,947.520000,-0.060498095
2962,947.840000,-0.060498095
2963,948.160000,-0.053077469
2964,948.480000,-0.056787782
2965,948.800000,-0.049367155
2966,949.120000,-0.053077469
2967,949.440000,-0.045656842
2968,949.760000,-0.045656842
2969,950.080000,-0.045656842
2970,950.400000,-0.045656842
2971,950.720000,-0.053077469
2972,951.040000,-0.053077469
2973,951.360000,-0.049367155
2974,951.680000,-0.053077469
2975,952.000000,-0.056787782
2976,952.320000,-0.053077469
2977,952.640000,-0.049367155
2978,952.960000,-0.053077469
2979,953.280000,-0.053077469
2980,953.600000,-0.056787782
2981,953.920000,-0.056787782
2982,954.240000,-0.060498095
2983,954.560000,-0.056787782
2984,954.880000,-0.053077469
2985,955.200000,-0.060498095
2986,955.520000,-0.056787782
2987,955.840000,-0.053077469
2988,956.160000,-0.053077469
2989,956.480000,-0.053077469
2990,956.800000,-0.056787782
2991,957.120000,-0.056787782
2992,957.440000,-0.053077469
2993,957.760000,-0.060498095
2994,958.080000,-0.056787782
2995,958.400000,-0.053077469
2996,958.720000,-0.053077469
2997,959.040000,-0.053077469
2998,959.360000,-0.053077469
2999,959.680000,-0.053077469
3000,960.000000,-0.060498095
3001,960.320000,-0.053077469
3002,960.640000,-0.056787782
3003,960.960000,-0.056787782
3004,961.280000,-0.056787782
3005,961.600000,-0.056787782
3006,961.920000,-0.056787782
3007,962.240000,-0.053077469
3008,962.560000,-0.053077469
3009,962.880000,-0.056787782
3010,963.200000,-0.056787782
3011,963.520000,-0.060498095
3012,963.840000,-0.060498095
3013,964.160000,1.008072112
3014,964.480000,3.308466308
3015,964.800000,3.330728187
3016,965.120000,3.341859127
3017,965.440000,3.345569440
3018,965.760000,3.349279753
3019,966.080000,3.349279753
3020,966.400000,3.345569440
3021,966.720000,3.345569440
3022,967.040000,3.341859127
3023,967.360000,3.345569440
3024,967.680000,3.345569440
3025,968.000000,3.341859127
3026,968.320000,3.349279753
3027,968.640000,3.345569440
3028,968.960000,3.338148813
3029,969.280000,3.341859127
3030,969.600000,3.341859127
3031,969.920000,3.338148813
3032,970.240000,3.338148813
3033,970.560000,3.338148813
3034,970.880000,3.338148813
3035,971.200000,3.341859127
3036,971.520000,3.338148813
3037,971.840000,3.338148813
3038,972.160000,3.341859127
3039,972.480000,3.341859127
3040,972.800000,3.338148813
3041,973.120000,3.334438500
3042,973.440000,3.334438500
3043,973.760000,3.341859127
3044,974.080000,3.341859127
3045,974.400000,3.345569440
3046,974.720000,3.341859127
3047,975.040000,3.341859127
3048,975.360000,3.338148813
3049,975.680000,3.345569440
3050,976.000000,3.341859127
3051,976.320000,3.341859127
3052,976.640000,3.345569440
3053,976.960000,3.349279753
3054,977.280000,3.349279753
3055,977.600000,3.345569440
3056,977.920000,3.345569440
3057,978.240000,3.349279753
3058,978.560000,3.345569440
3059,978.880000,3.349279753
3060,979.200000,3.345569440
3061,979.520000,3.345569440
3062,979.840000,3.341859127
3063,980.160000,3.345569440
3064,980.480000,3.345569440
3065,980.800000,3.345569440
3066,981.120000,3.349279753
3067,981.440000,3.349279753
3068,981.760000,3.356700379
3069,982.080000,3.352990066
3070,982.400000,3.349279753
3071,982.720000,3.352990066
3072,983.040000,3.349279753
3073,983.360000,3.345569440
3074,983.680000,3.345569440
3075,984.000000,3.349279753
3076,984.320000,3.349279753
3077,984.640000,3.349279753
3078,984.960000,3.349279753
3079,985.280000,3.349279753
3080,985.600000,3.349279753
3081,985.920000,3.349279753
3082,986.240000,3.349279753
3083,986.560000,3.352990066
3084,986.880000,3.349279753
3085,987.200000,3.349279753
3086,987.520000,3.349279753
3087,987.840000,3.349279753
3088,988.160000,3.349279753
3089,988.480000,3.349279753
3090,988.800000,3.345569440
3091,989.120000,3.345569440
3092,989.440000,3.345569440
3093,989.760000,3.345569440
3094,990.080000,3.349279753
3095,990.400000,3.349279753
3096,990.720000,3.349279753
3097,991.040000,3.349279753
3098,991.360000,3.349279753
3099,991.680000,3.349279753
3100,992.000000,3.352990066
3101,992.320000,3.349279753
3102,992.640000,3.352990066
3103,992.960000,3.349279753
3104,993.280000,3.349279753
3105,993.600000,3.341859127
3106,993.920000,3.345569440
3107,994.240000,3.341859127
3108,994.560000,3.345569440
3109,994.880000,3.341859127
3110,995.200000,3.345569440
3111,995.520000,3.349279753
3112,995.840000,3.349279753
3113,996.160000,3.345569440
3114,996.480000,3.341859127
3115,996.800000,3.341859127
3116,997.120000,3.341859127
3117,997.440000,3.345569440
3118,997.760000,3.345569440
3119,998.080000,3.345569440
3120,998.400000,3.352990066
3121,998.720000,3.345569440
3122,999.040000,3.345569440
3123,999.360000,3.338148813
3124,999.680000,3.338148813
3125,1000.000000,3.338148813
3126,1000.320000,3.334438500
3127,1000.640000,3.334438500
3128,1000.960000,3.334438500
3129,1001.280000,3.330728187
3130,1001.600000,3.334438500
3131,1001.920000,3.334438500
3132,1002.240000,3.330728187
3133,1002.560000,3.334438500
3134,1002.880000,3.338148813
3135,1003.200000,3.338148813
3136,1003.520000,3.338148813
3137,1003.840000,3.334438500
3138,1004.160000,3.341859127
3139,1004.480000,3.338148813
3140,1004.800000,3.338148813
3141,1005.120000,3.338148813
3142,1005.440000,3.338148813
3143,1005.760000,3.338148813
3144,1006.080000,3.338148813
3145,1006.400000,3.334438500
3146,1006.720000,3.338148813
3147,1007.040000,3.334438500
3148,1007.360000,3.330728187
3149,1007.680000,3.334438500
3150,1008.000000,3.334438500
3151,1008.320000,3.334438500
3152,1008.640000,3.334438500
3153,1008.960000,3.334438500
3154,1009.280000,3.334438500
3155,1009.600000,3.334438500
3156,1009.920000,3.341859127
3157,1010.240000,3.334438500
3158,1010.560000,3.334438500
3159,1010.880000,3.334438500
3160,1011.200000,3.330728187
3161,1011.520000,3.330728187
3162,1011.840000,3.330728187
3163,1012.160000,3.330728187
3164,1012.480000,3.334438500
3165,1012.800000,3.330728187
3166,1013.120000,3.330728187
3167,1013.440000,3.330728187
3168,1013.760000,3.327017874
3169,1014.080000,3.334438500
3170,1014.400000,3.330728187
3171,1014.720000,3.327017874
3172,1015.040000,3.330728187
3173,1015.360000,3.330728187
3174,1015.680000,3.330728187
3175,1016.000000,3.330728187
3176,1016.320000,3.327017874
3177,1016.640000,3.327017874
3178,1016.960000,3.330728187
3179,1017.280000,3.330728187
3180,1017.600000,3.330728187
3181,1017.920000,3.327017874
3182,1018.240000,3.330728187
3183,1018.560000,3.327017874
3184,1018.880000,3.334438500
3185,1019.200000,3.330728187
3186,1019.520000,3.334438500
3187,1019.840000,3.334438500
3188,1020.160000,3.330728187
3189,1020.480000,3.330728187
3190,1020.800000,3.327017874
3191,1021.120000,3.327017874
3192,1021.440000,3.327017874
3193,1021.760000,3.323307560
3194,1022.080000,3.330728187
3195,1022.400000,3.323307560
3196,1022.720000,3.319597247
3197,1023.040000,3.319597247
3198,1023.360000,3.323307560
3199,1023.680000,3.319597247
3200,1024.000000,3.323307560
3201,1024.320000,3.323307560
3202,1024.640000,3.323307560
3203,1024.960000,3.323307560
3204,1025.280000,3.327017874
3205,1025.600000,3.327017874
3206,1025.920000,3.323307560
3207,1026.240000,3.323307560
3208,1026.560000,3.319597247
3209,1026.880000,3.323307560
3210,1027.200000,3.323307560
3211,1027.520000,3.323307560
3212,1027.840000,3.327017874
3213,1028.160000,3.327017874
3214,1028.480000,3.327017874
3215,1028.800000,3.323307560
3216,1029.120000,3.319597247
3217,1029.440000,3.319597247
3218,1029.760000,3.319597247
3219,1030.080000,3.319597247
3220,1030.400000,3.323307560
3221,1030.720000,3.319597247
3222,1031.040000,3.315886934
3223,1031.360000,3.315886934
3224,1031.680000,3.315886934
3225,1032.000000,3.315886934
3226,1032.320000,3.319597247
3227,1032.640000,3.319597247
3228,1032.960000,3.319597247
3229,1033.280000,3.323307560
3230,1033.600000,3.323307560
3231,1033.920000,3.323307560
3232,1034.240000,3.319597247
3233,1034.560000,3.315886934
3234,1034.880000,3.315886934
3235,1035.200000,3.319597247
3236,1035.520000,3.315886934
3237,1035.840000,3.315886934
3238,1036.160000,3.315886934
3239,1036.480000,3.319597247
3240,1036.800000,3.323307560
3241,1037.120000,3.319597247
3242,1037.440000,3.323307560
3243,1037.760000,3.319597247
3244,1038.080000,3.315886934
3245,1038.400000,3.315886934
3246,1038.720000,3.315886934
3247,1039.040000,3.315886934
3248,1039.360000,3.315886934
3249,1039.680000,3.312176621
3250,1040.000000,3.315886934
3251,1040.320000,3.315886934
3252,1040.640000,3.315886934
3253,1040.960000,3.323307560
3254,1041.280000,3.319597247
3255,1041.600000,3.315886934
3256,1041.920000,3.315886934
3257,1042.240000,3.315886934
3258,1042.560000,3.315886934
3259,1042.880000,3.319597247
3260,1043.200000,3.315886934
3261,1043.520000,3.315886934
3262,1043.840000,3.319597247
3263,1044.160000,3.315886934
3264,1044.480000,3.315886934
3265,1044.800000,3.315886934
3266,1045.120000,3.315886934
3267,1045.440000,3.315886934
3268,1045.760000,3.315886934
3269,1046.080000,3.315886934
3270,1046.400000,3.312176621
3271,1046.720000,3.312176621
3272,1047.040000,3.315886934
3273,1047.360000,3.308466308
3274,1047.680000,3.312176621
3275,1048.000000,3.308466308
3276,1048.320000,3.312176621
3277,1048.640000,3.308466308
3278,1048.960000,3.312176621
3279,1049.280000,3.312176621
3280,1049.600000,3.312176621
3281,1049.920000,3.315886934
3282,1050.240000,3.315886934
3283,1050.560000,3.315886934
3284,1050.880000,3.315886934
3285,1051.200000,3.319597247
3286,1051.520000,3.315886934
3287,1051.840000,3.315886934
3288,1052.160000,3.312176621
3289,1052.480000,3.312176621
3290,1052.800000,3.308466308
3291,1053.120000,3.312176621
3292,1053.440000,3.315886934
3293,1053.760000,3.308466308
3294,1054.080000,3.308466308
3295,1054.400000,3.312176621
3296,1054.720000,3.315886934
3297,1055.040000,3.315886934
3298,1055.360000,3.315886934
3299,1055.680000,3.315886934
3300,1056.000000,3.315886934
3301,1056.320000,3.315886934
3302,1056.640000,3.312176621
3303,1056.960000,3.315886934
3304,1057.280000,3.319597247
3305,1057.600000,3.308466308
3306,1057.920000,3.312176621
3307,1058.240000,3.312176621
3308,1058.560000,3.308466308
3309,1058.880000,3.308466308
3310,1059.200000,3.312176621
3311,1059.520000,3.315886934
3312,1059.840000,3.312176621
3313,1060.160000,3.312176621
3314,1060.480000,3.308466308
3315,1060.800000,3.308466308
3316,1061.120000,3.308466308
3317,1061.440000,3.308466308
3318,1061.760000,3.315886934
3319,1062.080000,3.312176621
3320,1062.400000,3.312176621
3321,1062.720000,3.312176621
3322,1063.040000,3.315886934
3323,1063.360000,3.308466308
3324,1063.680000,3.312176621
3325,1064.000000,3.315886934
3326,1064.320000,3.312176621
3327,1064.640000,3.312176621
3328,1064.960000,3.312176621
3329,1065.280000,3.315886934
3330,1065.600000,3.312176621
3331,1065.920000,3.312176621
3332,1066.240000,3.312176621
3333,1066.560000,3.308466308
3334,1066.880000,3.308466308
3335,1067.200000,3.312176621
3336,1067.520000,3.312176621
3337,1067.840000,3.312176621
3338,1068.160000,3.312176621
3339,1068.480000,0.551703586
3340,1068.800000,-0.067918721
3341,1069.120000,-0.079049661
3342,1069.440000,-0.082759974
3343,1069.760000,-0.093890914
3344,1070.080000,-0.090180601
3345,1070.400000,-0.086470288
3346,1070.720000,-0.090180601
3347,1071.040000,-0.090180601
3348,1071.360000,-0.086470288
3349,1071.680000,-0.090180601
3350,1072.000000,-0.090180601
3351,1072.320000,-0.090180601
3352,1072.640000,-0.093890914
3353,1072.960000,-0.090180601
3354,1073.280000,-0.086470288
3355,1073.600000,-0.086470288
3356,1073.920000,-0.082759974
3357,1074.240000,-0.082759974
3358,1074.560000,-0.079049661
3359,1074.880000,-0.086470288
3360,1075.200000,-0.086470288
3361,1075.520000,-0.090180601
3362,1075.840000,-0.090180601
3363,1076.160000,-0.090180601
3364,1076.480000,-0.086470288
3365,1076.800000,-0.086470288
3366,1077.120000,-0.090180601
3367,1077.440000,-0.090180601
3368,1077.760000,-0.090180601
3369,1078.080000,-0.082759974
3370,1078.400000,-0.082759974
3371,1078.720000,-0.082759974
3372,1079.040000,-0.082759974
3373,1079.360000,-0.079049661
3374,1079.680000,-0.086470288
3375,1080.000000,-0.082759974
3376,1080.320000,-0.086470288
3377,1080.640000,-0.086470288
3378,1080.960000,-0.086470288
3379,1081.280000,-0.086470288
3380,1081.600000,-0.086470288
3381,1081.920000,-0.082759974
3382,1082.240000,-0.086470288
3383,1082.560000,-0.093890914
3384,1082.880000,-0.093890914
3385,1083.200000,-0.090180601
3386,1083.520000,-0.090180601
3387,1083.840000,-0.093890914
3388,1084.160000,-0.086470288
3389,1084.480000,-0.090180601
3390,1084.800000,-0.090180601
3391,1085.120000,-0.090180601
3392,1085.440000,-0.090180601
3393,1085.760000,-0.086470288
3394,1086.080000,-0.093890914
3395,1086.400000,-0.093890914
3396,1086.720000,-0.090180601
3397,1087.040000,-0.097601227
3398,1087.360000,-0.093890914
3399,1087.680000,-0.097601227
3400,1088.000000,-0.090180601
3401,1088.320000,-0.086470288
3402,1088.640000,-0.090180601
3403,1088.960000,-0.093890914
3404,1089.280000,-0.093890914
3405,1089.600000,-0.090180601
3406,1089.920000,-0.090180601
3407,1090.240000,-0.090180601
3408,1090.560000,-0.090180601
3409,1090.880000,-0.090180601
3410,1091.200000,-0.086470288
3411,1091.520000,-0.090180601
3412,1091.840000,-0.090180601
3413,1092.160000,-0.090180601
3414,1092.480000,-0.090180601
3415,1092.800000,-0.090180601
3416,1093.120000,-0.093890914
3417,1093.440000,-0.093890914
3418,1093.760000,-0.090180601
3419,1094.080000,-0.093890914
3420,1094.400000,-0.090180601
3421,1094.720000,-0.090180601
3422,1095.040000,-0.093890914
3423,1095.360000,-0.090180601
3424,1095.680000,-0.086470288
3425,1096.000000,-0.090180601
3426,1096.320000,-0.090180601
3427,1096.640000,-0.086470288
3428,1096.960000,-0.090180601
3429,1097.280000,-0.086470288
3430,1097.600000,-0.086470288
3431,1097.920000,-0.093890914
3432,1098.240000,-0.093890914
3433,1098.560000,-0.090180601
3434,1098.880000,-0.093890914
3435,1099.200000,-0.086470288
3436,1099.520000,-0.090180601
3437,1099.840000,-0.086470288
3438,1100.160000,-0.086470288
3439,1100.480000,-0.090180601
3440,1100.800000,-0.086470288
3441,1101.120000,-0.086470288
3442,1101.440000,-0.090180601
3443,1101.760000,-0.086470288
3444,1102.080000,-0.082759974
3445,1102.400000,-0.082759974
3446,1102.720000,-0.079049661
3447,1103.040000,-0.086470288
3448,1103.360000,-0.086470288
3449,1103.680000,-0.086470288
3450,1104.000000,-0.082759974
3451,1104.320000,-0.082759974
3452,1104.640000,-0.082759974
3453,1104.960000,-0.082759974
3454,1105.280000,-0.082759974
3455,1105.600000,-0.086470288
3456,1105.920000,-0.079049661
3457,1106.240000,-0.079049661
3458,1106.560000,-0.082759974
3459,1106.880000,-0.082759974
3460,1107.200000,-0.082759974
3461,1107.520000,-0.082759974
3462,1107.840000,-0.082759974
3463,1108.160000,-0.082759974
3464,1108.480000,-0.079049661
3465,1108.800000,-0.086470288
3466,1109.120000,-0.079049661
3467,1109.440000,-0.075339348
3468,1109.760000,-0.075339348
3469,1110.080000,-0.079049661
3470,1110.400000,-0.079049661
3471,1110.720000,-0.079049661
3472,1111.040000,-0.075339348
3473,1111.360000,-0.079049661
3474,1111.680000,-0.082759974
3475,1112.000000,-0.082759974
3476,1112.320000,-0.079049661
3477,1112.640000,-0.075339348
3478,1112.960000,-0.075339348
3479,1113.280000,-0.079049661
3480,1113.600000,-0.075339348
3481,1113.920000,-0.071629035
3482,1114.240000,-0.075339348
3483,1114.560000,-0.075339348
3484,1114.880000,-0.075339348
3485,1115.200000,-0.079049661
3486,1115.520000,-0.075339348
3487,1115.840000,-0.075339348
3488,1116.160000,-0.079049661
3489,1116.480000,-0.075339348
3490,1116.800000,-0.075339348
3491,1117.120000,-0.075339348
3492,1117.440000,-0.075339348
3493,1117.760000,-0.071629035
3494,1118.080000,-0.071629035
3495,1118.400000,-0.079049661
3496,1118.720000,-0.075339348
3497,1119.040000,-0.071629035
3498,1119.360000,-0.075339348
3499,1119.680000,-0.067918721
3500,1120.000000,-0.071629035
3501,1120.320000,-0.071629035
3502,1120.640000,-0.071629035
3503,1120.960000,-0.067918721
3504,1121.280000,-0.067918721
3505,1121.600000,-0.067918721
3506,1121.920000,-0.067918721
3507,1122.240000,-0.067918721
3508,1122.560000,-0.064208408
3509,1122.880000,-0.071629035
3510,1123.200000,-0.071629035
3511,1123.520000,-0.067918721
3512,1123.840000,-0.064208408
3513,1124.160000,-0.067918721
3514,1124.480000,-0.064208408
3515,1124.800000,-0.064208408
3516,1125.120000,-0.064208408
3517,1125.440000,-0.060498095
3518,1125.760000,-0.060498095
3519,1126.080000,-0.064208408
3520,1126.400000,-0.064208408
3521,1126.720000,-0.064208408
3522,1127.040000,-0.060498095
3523,1127.360000,-0.064208408
3524,1127.680000,-0.064208408
3525,1128.000000,-0.064208408
3526,1128.320000,-0.064208408
3527,1128.640000,-0.064208408
3528,1128.960000,-0.064208408
3529,1129.280000,-0.064208408
3530,1129.600000,-0.064208408
3531,1129.920000,-0.060498095
3532,1130.240000,-0.060498095
3533,1130.560000,-0.064208408
3534,1130.880000,-0.064208408
3535,1131.200000,-0.064208408
3536,1131.520000,-0.064208408
3537,1131.840000,-0.060498095
3538,1132.160000,-0.060498095
3539,1132.480000,-0.064208408
3540,1132.800000,-0.064208408
3541,1133.120000,-0.060498095
3542,1133.440000,-0.060498095
3543,1133.760000,-0.060498095
3544,1134.080000,-0.060498095
3545,1134.400000,-0.060498095
3546,1134.720000,-0.060498095
3547,1135.040000,-0.060498095
3548,1135.360000,-0.060498095
3549,1135.680000,-0.056787782
3550,1136.000000,-0.060498095
3551,1136.320000,-0.060498095
3552,1136.640000,-0.060498095
3553,1136.960000,-0.060498095
3554,1137.280000,-0.060498095
3555,1137.600000,-0.060498095
3556,1137.920000,-0.060498095
3557,1138.240000,-0.060498095
3558,1138.560000,-0.060498095
3559,1138.880000,-0.060498095
3560,1139.200000,-0.064208408
3561,1139.520000,-0.060498095
3562,1139.840000,-0.060498095
3563,1140.160000,-0.064208408
3564,1140.480000,-0.060498095
3565,1140.800000,-0.060498095
3566,1141.120000,-0.060498095
3567,1141.440000,-0.060498095
3568,1141.760000,-0.060498095
3569,1142.080000,-0.064208408
3570,1142.400000,-0.060498095
3571,1142.720000,-0.060498095
3572,1143.040000,-0.060498095
3573,1143.360000,-0.064208408
3574,1143.680000,-0.056787782
3575,1144.000000,-0.064208408
3576,1144.320000,-0.056787782
3577,1144.640000,-0.060498095
3578,1144.960000,-0.060498095
3579,1145.280000,-0.056787782
3580,1145.600000,-0.060498095
3581,1145.920000,-0.056787782
3582,1146.240000,-0.060498095
3583,1146.560000,-0.056787782
3584,1146.880000,-0.064208408
3585,1147.200000,-0.064208408
3586,1147.520000,-0.060498095
3587,1147.840000,-0.056787782
3588,1148.160000,-0.053077469
3589,1148.480000,-0.056787782
3590,1148.800000,-0.053077469
3591,1149.120000,-0.049367155
3592,1149.440000,-0.053077469
3593,1149.760000,-0.053077469
3594,1150.080000,-0.053077469
3595,1150.400000,-0.049367155
3596,1150.720000,-0.049367155
3597,1151.040000,-0.049367155
3598,1151.360000,-0.049367155
3599,1151.680000,-0.049367155
3600,1152.000000,-0.053077469
3601,1152.320000,-0.049367155
3602,1152.640000,-0.056787782
3603,1152.960000,-0.053077469
3604,1153.280000,-0.056787782
3605,1153.600000,-0.056787782
3606,1153.920000,-0.056787782
3607,1154.240000,-0.053077469
3608,1154.560000,-0.060498095
3609,1154.880000,-0.056787782
3610,1155.200000,-0.056787782
3611,1155.520000,-0.056787782
3612,1155.840000,-0.060498095
3613,1156.160000,-0.053077469
3614,1156.480000,-0.053077469
3615,1156.800000,-0.056787782
3616,1157.120000,-0.053077469
3617,1157.440000,-0.056787782
3618,1157.760000,-0.056787782
3619,1158.080000,-0.056787782
3620,1158.400000,-0.056787782
3621,1158.720000,-0.056787782
3622,1159.040000,-0.060498095
3623,1159.360000,-0.056787782
3624,1159.680000,-0.056787782
3625,1160.000000,-0.056787782
3626,1160.320000,-0.056787782
3627,1160.640000,-0.053077469
3628,1160.960000,-0.053077469
3629,1161.280000,-0.056787782
3630,1161.600000,-0.053077469
3631,1161.920000,-0.053077469
3632,1162.240000,-0.056787782
3633,1162.560000,-0.056787782
3634,1162.880000,-0.060498095
3635,1163.200000,-0.056787782
3636,1163.520000,-0.060498095
3637,1163.840000,-0.053077469
3638,1164.160000,-0.053077469
3639,1164.480000,-0.053077469
3640,1164.800000,-0.049367155
3641,1165.120000,-0.049367155
3642,1165.440000,-0.049367155
3643,1165.760000,-0.053077469
3644,1166.080000,-0.053077469
3645,1166.400000,-0.053077469
3646,1166.720000,-0.053077469
3647,1167.040000,-0.056787782
3648,1167.360000,-0.053077469
3649,1167.680000,-0.056787782
3650,1168.000000,-0.056787782
3651,1168.320000,-0.049367155
3652,1168.640000,-0.053077469
3653,1168.960000,-0.049367155
3654,1169.280000,-0.045656842
3655,1169.600000,-0.049367155
3656,1169.920000,-0.049367155
3657,1170.240000,-0.053077469
3658,1170.560000,-0.049367155
3659,1170.880000,-0.049367155
3660,1171.200000,-0.045656842
3661,1171.520000,-0.053077469
3662,1171.840000,-0.053077469
3663,1172.160000,-0.056787782
3664,1172.480000,1.026623678
3665,1172.800000,3.312176621
3666,1173.120000,3.334438500
3667,1173.440000,3.349279753
3668,1173.760000,3.349279753
3669,1174.080000,3.349279753
3670,1174.400000,3.345569440
3671,1174.720000,3.349279753
3672,1175.040000,3.349279753
3673,1175.360000,3.345569440
3674,1175.680000,3.349279753
3675,1176.000000,3.345569440
3676,1176.320000,3.341859127
3677,1176.640000,3.341859127
3678,1176.960000,3.341859127
3679,1177.280000,3.338148813
3680,1177.600000,3.334438500
3681,1177.920000,3.334438500
3682,1178.240000,3.338148813
3683,1178.560000,3.338148813
3684,1178.880000,3.338148813
3685,1179.200000,3.341859127
3686,1179.520000,3.338148813
3687,1179.840000,3.338148813
3688,1180.160000,3.341859127
3689,1180.480000,3.345569440
3690,1180.800000,3.338148813
3691,1181.120000,3.338148813
3692,1181.440000,3.341859127
3693,1181.760000,3.345569440
3694,1182.080000,3.345569440
3695,1182.400000,3.352990066
3696,1182.720000,3.349279753
3697,1183.040000,3.349279753
3698,1183.360000,3.352990066
3699,1183.680000,3.352990066
3700,1184.000000,3.352990066
3701,1184.320000,3.352990066
3702,1184.640000,3.349279753
3703,1184.960000,3.349279753
3704,1185.280000,3.349279753
3705,1185.600000,3.352990066
3706,1185.920000,3.345569440
3707,1186.240000,3.345569440
3708,1186.560000,3.352990066
3709,1186.880000,3.352990066
3710,1187.200000,3.352990066
3711,1187.520000,3.349279753
3712,1187.840000,3.352990066
3713,1188.160000,3.352990066
3714,1188.480000,3.356700379
3715,1188.800000,3.349279753
3716,1189.120000,3.349279753
3717,1189.440000,3.345569440
3718,1189.760000,3.345569440
3719,1190.080000,3.349279753
3720,1190.400000,3.352990066
3721,1190.720000,3.356700379
3722,1191.040000,3.360410693
3723,1191.360000,3.356700379
3724,1191.680000,3.356700379
3725,1192.000000,3.356700379
3726,1192.320000,3.352990066
3727,1192.640000,3.352990066
3728,1192.960000,3.352990066
3729,1193.280000,3.352990066
3730,1193.600000,3.352990066
3731,1193.920000,3.352990066
3732,1194.240000,3.349279753
3733,1194.560000,3.349279753
3734,1194.880000,3.345569440
3735,1195.200000,3.345569440
3736,1195.520000,3.341859127
3737,1195.840000,3.349279753
3738,1196.160000,3.352990066
3739,1196.480000,3.352990066
3740,1196.800000,3.352990066
3741,1197.120000,3.356700379
3742,1197.440000,3.349279753
3743,1197.760000,3.349279753
3744,1198.080000,3.349279753
3745,1198.400000,3.349279753
3746,1198.720000,3.345569440
3747,1199.040000,3.352990066
3748,1199.360000,3.349279753
3749,1199.680000,3.352990066
3750,1200.000000,3.352990066
3751,1200.320000,3.349279753
3752,1200.640000,3.349279753
3753,1200.960000,3.356700379
3754,1201.280000,3.356700379
3755,1201.600000,3.352990066
3756,1201.920000,3.349279753
3757,1202.240000,3.349279753
3758,1202.560000,3.345569440
3759,1202.880000,3.345569440
3760,1203.200000,3.345569440
3761,1203.520000,3.345569440
3762,1203.840000,3.345569440
3763,1204.160000,3.349279753
3764,1204.480000,3.349279753
3765,1204.800000,3.345569440
3766,1205.120000,3.345569440
3767,1205.440000,3.341859127
3768,1205.760000,3.341859127
3769,1206.080000,3.338148813
3770,1206.400000,3.341859127
3771,1206.720000,3.338148813
3772,1207.040000,3.341859127
3773,1207.360000,3.341859127
3774,1207.680000,3.338148813
3775,1208.000000,3.338148813
3776,1208.320000,3.341859127
3777,1208.640000,3.341859127
3778,1208.960000,3.341859127
3779,1209.280000,3.341859127
3780,1209.600000,3.341859127
3781,1209.920000,3.338148813
3782,1210.240000,3.341859127
3783,1210.560000,3.341859127
3784,1210.880000,3.341859127
3785,1211.200000,3.341859127
3786,1211.520000,3.338148813
3787,1211.840000,3.338148813
3788,1212.160000,3.334438500
3789,1212.480000,3.334438500
3790,1212.800000,3.338148813
3791,1213.120000,3.338148813
3792,1213.440000,3.338148813
3793,1213.760000,3.338148813
3794,1214.080000,3.334438500
3795,1214.400000,3.334438500
3796,1214.720000,3.341859127
3797,1215.040000,3.338148813
3798,1215.360000,3.338148813
3799,1215.680000,3.341859127
3800,1216.000000,3.345569440
3801,1216.320000,3.338148813
3802,1216.640000,3.338148813
3803,1216.960000,3.327017874
3804,1217.280000,3.330728187
3805,1217.600000,3.330728187
3806,1217.920000,3.334438500
3807,1218.240000,3.334438500
3808,1218.560000,3.330728187
3809,1218.880000,3.330728187
3810,1219.200000,3.330728187
3811,1219.520000,3.334438500
3812,1219.840000,3.330728187
3813,1220.160000,3.330728187
3814,1220.480000,3.334438500
3815,1220.800000,3.338148813
3816,1221.120000,3.334438500
3817,1221.440000,3.334438500
3818,1221.760000,3.330728187
3819,1222.080000,3.330728187
3820,1222.400000,3.330728187
3821,1222.720000,3.330728187
3822,1223.040000,3.334438500
3823,1223.360000,3.338148813
3824,1223.680000,3.330728187
3825,1224.000000,3.338148813
3826,1224.320000,3.334438500
3827,1224.640000,3.330728187
3828,1224.960000,3.330728187
3829,1225.280000,3.330728187
3830,1225.600000,3.330728187
3831,1225.920000,3.327017874
3832,1226.240000,3.330728187
3833,1226.560000,3.330728187
3834,1226.880000,3.327017874
3835,1227.200000,3.330728187
3836,1227.520000,3.330728187
3837,1227.840000,3.327017874
3838,1228.160000,3.327017874
3839,1228.480000,3.330728187
3840,1228.800000,3.330728187
3841,1229.120000,3.327017874
3842,1229.440000,3.327017874
3843,1229.760000,3.327017874
3844,1230.080000,3.323307560
3845,1230.400000,3.323307560
3846,1230.720000,3.330728187
3847,1231.040000,3.327017874
3848,1231.360000,3.327017874
3849,1231.680000,3.327017874
3850,1232.000000,3.330728187
3851,1232.320000,3.327017874
3852,1232.640000,3.323307560
3853,1232.960000,3.327017874
3854,1233.280000,3.319597247
3855,1233.600000,3.323307560
3856,1233.920000,3.323307560
3857,1234.240000,3.323307560
3858,1234.560000,3.319597247
3859,1234.880000,3.319597247
3860,1235.200000,3.323307560
3861,1235.520000,3.315886934
3862,1235.840000,3.315886934
3863,1236.160000,3.315886934
3864,1236.480000,3.323307560
3865,1236.800000,3.323307560
3866,1237.120000,3.323307560
3867,1237.440000,3.323307560
3868,1237.760000,3.323307560
3869,1238.080000,3.327017874
3870,1238.400000,3.323307560
3871,1238.720000,3.323307560
3872,1239.040000,3.319597247
3873,1239.360000,3.323307560
3874,1239.680000,3.323307560
3875,1240.000000,3.315886934
3876,1240.320000,3.319597247
3877,1240.640000,3.319597247
3878,1240.960000,3.319597247
3879,1241.280000,3.319597247
3880,1241.600000,3.315886934
3881,1241.920000,3.319597247
3882,1242.240000,3.319597247
3883,1242.560000,3.323307560
3884,1242.880000,3.323307560
3885,1243.200000,3.327017874
3886,1243.520000,3.323307560
3887,1243.840000,3.330728187
3888,1244.160000,3.327017874
3889,1244.480000,3.323307560
3890,1244.800000,3.323307560
3891,1245.120000,3.319597247
3892,1245.440000,3.319597247
3893,1245.760000,3.319597247
3894,1246.080000,3.319597247
3895,1246.400000,3.323307560
3896,1246.720000,3.323307560
3897,1247.040000,3.319597247
3898,1247.360000,3.319597247
3899,1247.680000,3.315886934
3900,1248.000000,3.312176621
3901,1248.320000,3.315886934
3902,1248.640000,3.319597247
3903,1248.960000,3.319597247
3904,1249.280000,3.315886934
3905,1249.600000,3.315886934
3906,1249.920000,3.315886934
3907,1250.240000,3.312176621
3908,1250.560000,3.315886934
3909,1250.880000,3.315886934
3910,1251.200000,3.319597247
3911,1251.520000,3.319597247
3912,1251.840000,3.312176621
3913,1252.160000,3.315886934
3914,1252.480000,3.308466308
3915,1252.800000,3.315886934
3916,1253.120000,3.312176621
3917,1253.440000,3.312176621
3918,1253.760000,3.315886934
3919,1254.080000,3.315886934
3920,1254.400000,3.315886934
3921,1254.720000,3.312176621
3922,1255.040000,3.312176621
3923,1255.360000,3.312176621
3924,1255.680000,3.312176621
3925,1256.000000,3.312176621
3926,1256.320000,3.315886934
3927,1256.640000,3.319597247
3928,1256.960000,3.319597247
3929,1257.280000,3.315886934
3930,1257.600000,3.319597247
3931,1257.920000,3.315886934
3932,1258.240000,3.319597247
3933,1258.560000,3.315886934
3934,1258.880000,3.315886934
3935,1259.200000,3.315886934
3936,1259.520000,3.315886934
3937,1259.840000,3.312176621
3938,1260.160000,3.315886934
3939,1260.480000,3.312176621
3940,1260.800000,3.312176621
3941,1261.120000,3.315886934
3942,1261.440000,3.315886934
3943,1261.760000,3.312176621
3944,1262.080000,3.315886934
3945,1262.400000,3.315886934
3946,1262.720000,3.319597247
3947,1263.040000,3.315886934
3948,1263.360000,3.312176621
3949,1263.680000,3.312176621
3950,1264.000000,3.312176621
3951,1264.320000,3.312176621
3952,1264.640000,3.315886934
3953,1264.960000,3.312176621
3954,1265.280000,3.315886934
3955,1265.600000,3.312176621
3956,1265.920000,3.315886934
3957,1266.240000,3.315886934
3958,1266.560000,3.315886934
3959,1266.880000,3.315886934
3960,1267.200000,3.315886934
3961,1267.520000,3.315886934
3962,1267.840000,3.315886934
3963,1268.160000,3.312176621
3964,1268.480000,3.312176621
3965,1268.800000,3.308466308
3966,1269.120000,3.304755994
3967,1269.440000,3.308466308
3968,1269.760000,3.308466308
3969,1270.080000,3.312176621
3970,1270.400000,3.319597247
3971,1270.720000,3.312176621
3972,1271.040000,3.315886934
3973,1271.360000,3.319597247
3974,1271.680000,3.308466308
3975,1272.000000,3.308466308
3976,1272.320000,3.312176621
3977,1272.640000,3.312176621
3978,1272.960000,3.312176621
3979,1273.280000,3.319597247
3980,1273.600000,3.315886934
3981,1273.920000,3.315886934
3982,1274.240000,3.312176621
3983,1274.560000,3.315886934
3984,1274.880000,3.312176621
3985,1275.200000,3.312176621
3986,1275.520000,3.312176621
3987,1275.840000,3.312176621
3988,1276.160000,3.308466308
3989,1276.480000,3.308466308
3990,1276.800000,0.536862333
3991,1277.120000,-0.071629035
3992,1277.440000,-0.086470288
3993,1277.760000,-0.093890914
3994,1278.080000,-0.090180601
3995,1278.400000,-0.086470288
3996,1278.720000,-0.090180601
3997,1279.040000,-0.086470288
3998,1279.360000,-0.086470288
3999,1279.680000,-0.086470288
4000,1280.000000,-0.086470288
4001,1280.320000,-0.086470288
4002,1280.640000,-0.086470288
4003,1280.960000,-0.086470288
4004,1281.280000,-0.086470288
4005,1281.600000,-0.086470288
4006,1281.920000,-0.082759974
4007,1282.240000,-0.086470288
4008,1282.560000,-0.090180601
4009,1282.880000,-0.086470288
4010,1283.200000,-0.086470288
4011,1283.520000,-0.086470288
4012,1283.840000,-0.090180601
4013,1284.160000,-0.090180601
4014,1284.480000,-0.090180601
4015,1284.800000,-0.090180601
4016,1285.120000,-0.086470288
4017,1285.440000,-0.086470288
4018,1285.760000,-0.086470288
4019,1286.080000,-0.086470288
4020,1286.400000,-0.086470288
4021,1286.720000,-0.090180601
4022,1287.040000,-0.086470288
4023,1287.360000,-0.086470288
4024,1287.680000,-0.082759974
4025,1288.000000,-0.086470288
4026,1288.320000,-0.082759974
4027,1288.640000,-0.090180601
4028,1288.960000,-0.086470288
4029,1289.280000,-0.082759974
4030,1289.600000,-0.090180601
4031,1289.920000,-0.090180601
4032,1290.240000,-0.093890914
4033,1290.560000,-0.097601227
4034,1290.880000,-0.093890914
4035,1291.200000,-0.093890914
4036,1291.520000,-0.093890914
4037,1291.840000,-0.093890914
4038,1292.160000,-0.090180601
4039,1292.480000,-0.093890914
4040,1292.800000,-0.093890914
4041,1293.120000,-0.097601227
4042,1293.440000,-0.090180601
4043,1293.760000,-0.090180601
4044,1294.080000,-0.086470288
4045,1294.400000,-0.090180601
4046,1294.720000,-0.086470288
4047,1295.040000,-0.082759974
4048,1295.360000,-0.082759974
4049,1295.680000,-0.086470288
4050,1296.000000,-0.090180601
4051,1296.320000,-0.090180601
4052,1296.640000,-0.086470288
4053,1296.960000,-0.093890914
4054,1297.280000,-0.093890914
4055,1297.600000,-0.086470288
4056,1297.920000,-0.093890914
4057,1298.240000,-0.086470288
4058,1298.560000,-0.090180601
4059,1298.880000,-0.093890914
4060,1299.200000,-0.097601227
4061,1299.520000,-0.093890914
4062,1299.840000,-0.097601227
4063,1300.160000,-0.093890914
4064,1300.480000,-0.093890914
4065,1300.800000,-0.093890914
4066,1301.120000,-0.093890914
4067,1301.440000,-0.093890914
4068,1301.760000,-0.093890914
4069,1302.080000,-0.093890914
4070,1302.400000,-0.090180601
4071,1302.720000,-0.090180601
4072,1303.040000,-0.093890914
4073,1303.360000,-0.093890914
4074,1303.680000,-0.093890914
4075,1304.000000,-0.093890914
4076,1304.320000,-0.090180601
4077,1304.640000,-0.090180601
4078,1304.960000,-0.090180601
4079,1305.280000,-0.086470288
4080,1305.600000,-0.086470288
4081,1305.920000,-0.090180601
4082,1306.240000,-0.086470288
4083,1306.560000,-0.086470288
4084,1306.880000,-0.086470288
4085,1307.200000,-0.086470288
4086,1307.520000,-0.079049661
4087,1307.840000,-0.079049661
4088,1308.160000,-0.082759974
4089,1308.480000,-0.082759974
4090,1308.800000,-0.082759974
4091,1309.120000,-0.082759974
4092,1309.440000,-0.079049661
4093,1309.760000,-0.079049661
4094,1310.080000,-0.082759974
4095,1310.400000,-0.079049661
4096,1310.720000,-0.086470288
4097,1311.040000,-0.086470288
4098,1311.360000,-0.086470288
4099,1311.680000,-0.082759974
4100,1312.000000,-0.082759974
4101,1312.320000,-0.082759974
4102,1312.640000,-0.082759974
4103,1312.960000,-0.082759974
4104,1313.280000,-0.082759974
4105,1313.600000,-0.079049661
4106,1313.920000,-0.075339348
4107,1314.240000,-0.079049661
4108,1314.560000,-0.082759974
4109,1314.880000,-0.075339348
4110,1315.200000,-0.082759974
4111,1315.520000,-0.079049661
4112,1315.840000,-0.079049661
4113,1316.160000,-0.075339348
4114,1316.480000,-0.075339348
4115,1316.800000,-0.075339348
4116,1317.120000,-0.075339348
4117,1317.440000,-0.075339348
4118,1317.760000,-0.079049661
4119,1318.080000,-0.079049661
4120,1318.400000,-0.071629035
4121,1318.720000,-0.075339348
4122,1319.040000,-0.079049661
4123,1319.360000,-0.071629035
4124,1319.680000,-0.071629035
4125,1320.000000,-0.075339348
4126,1320.320000,-0.075339348
4127,1320.640000,-0.075339348
4128,1320.960000,-0.075339348
4129,1321.280000,-0.071629035
4130,1321.600000,-0.075339348
4131,1321.920000,-0.079049661
4132,1322.240000,-0.079049661
4133,1322.560000,-0.079049661
4134,1322.880000,-0.075339348
4135,1323.200000,-0.071629035
4136,1323.520000,-0.075339348
4137,1323.840000,-0.075339348
4138,1324.160000,-0.071629035
4139,1324.480000,-0.075339348
4140,1324.800000,-0.075339348
4141,1325.120000,-0.075339348
4142,1325.440000,-0.075339348
4143,1325.760000,-0.079049661
4144,1326.080000,-0.079049661
4145,1326.400000,-0.075339348
4146,1326.720000,-0.071629035
4147,1327.040000,-0.071629035
4148,1327.360000,-0.071629035
4149,1327.680000,-0.067918721
4150,1328.000000,-0.067918721
4151,1328.320000,-0.075339348
4152,1328.640000,-0.075339348
4153,1328.960000,-0.071629035
4154,1329.280000,-0.071629035
4155,1329.600000,-0.067918721
4156,1329.920000,-0.067918721
4157,1330.240000,-0.071629035
4158,1330.560000,-0.071629035
4159,1330.880000,-0.071629035
4160,1331.200000,-0.075339348
4161,1331.520000,-0.075339348
4162,1331.840000,-0.067918721
4163,1332.160000,-0.071629035
4164,1332.480000,-0.071629035
4165,1332.800000,-0.071629035
4166,1333.120000,-0.071629035
4167,1333.440000,-0.067918721
4168,1333.760000,-0.071629035
4169,1334.080000,-0.067918721
4170,1334.400000,-0.067918721
4171,1334.720000,-0.064208408
4172,1335.040000,-0.064208408
4173,1335.360000,-0.064208408
4174,1335.680000,-0.064208408
4175,1336.000000,-0.064208408
4176,1336.320000,-0.067918721
4177,1336.640000,-0.067918721
4178,1336.960000,-0.067918721
4179,1337.280000,-0.064208408
4180,1337.600000,-0.064208408
4181,1337.920000,-0.064208408
4182,1338.240000,-0.064208408
4183,1338.560000,-0.064208408
4184,1338.880000,-0.064208408
4185,1339.200000,-0.067918721
4186,1339.520000,-0.060498095
4187,1339.840000,-0.064208408
4188,1340.160000,-0.060498095
4189,1340.480000,-0.064208408
4190,1340.800000,-0.060498095
4191,1341.120000,-0.064208408
4192,1341.440000,-0.060498095
4193,1341.760000,-0.064208408
4194,1342.080000,-0.064208408
4195,1342.400000,-0.067918721
4196,1342.720000,-0.067918721
4197,1343.040000,-0.064208408
4198,1343.360000,-0.064208408
4199,1343.680000,-0.064208408
4200,1344.000000,-0.060498095
4201,1344.320000,-0.060498095
4202,1344.640000,-0.064208408
4203,1344.960000,-0.067918721
4204,1345.280000,-0.067918721
4205,1345.600000,-0.067918721
4206,1345.920000,-0.067918721
4207,1346.240000,-0.064208408
4208,1346.560000,-0.060498095
4209,1346.880000,-0.064208408
4210,1347.200000,-0.064208408
4211,1347.520000,-0.064208408
4212,1347.840000,-0.064208408
4213,1348.160000,-0.064208408
4214,1348.480000,-0.060498095
4215,1348.800000,-0.060498095
4216,1349.120000,-0.064208408
4217,1349.440000,-0.064208408
4218,1349.760000,-0.056787782
4219,1350.080000,-0.056787782
4220,1350.400000,-0.060498095
4221,1350.720000,-0.060498095
4222,1351.040000,-0.064208408
4223,1351.360000,-0.064208408
4224,1351.680000,-0.060498095
4225,1352.000000,-0.060498095
4226,1352.320000,-0.060498095
4227,1352.640000,-0.056787782
4228,1352.960000,-0.056787782
4229,1353.280000,-0.053077469
4230,1353.600000,-0.056787782
4231,1353.920000,-0.060498095
4232,1354.240000,-0.056787782
4233,1354.560000,-0.060498095
4234,1354.880000,-0.053077469
4235,1355.200000,-0.056787782
4236,1355.520000,-0.056787782
4237,1355.840000,-0.056787782
4238,1356.160000,-0.056787782
4239,1356.480000,-0.056787782
4240,1356.800000,-0.056787782
4241,1357.120000,-0.056787782
4242,1357.440000,-0.056787782
4243,1357.760000,-0.056787782
4244,1358.080000,-0.056787782
4245,1358.400000,-0.056787782
4246,1358.720000,-0.056787782
4247,1359.040000,-0.056787782
4248,1359.360000,-0.053077469
4249,1359.680000,-0.056787782
4250,1360.000000,-0.056787782
4251,1360.320000,-0.053077469
4252,1360.640000,-0.056787782
4253,1360.960000,-0.053077469
4254,1361.280000,-0.056787782
4255,1361.600000,-0.053077469
4256,1361.920000,-0.053077469
4257,1362.240000,-0.053077469
4258,1362.560000,-0.049367155
4259,1362.880000,-0.053077469
4260,1363.200000,-0.049367155
4261,1363.520000,-0.053077469
4262,1363.840000,-0.056787782
4263,1364.160000,-0.053077469
4264,1364.480000,-0.056787782
4265,1364.800000,-0.053077469
4266,1365.120000,-0.053077469
4267,1365.440000,-0.056787782
4268,1365.760000,-0.049367155
4269,1366.080000,-0.056787782
4270,1366.400000,-0.049367155
4271,1366.720000,-0.053077469
4272,1367.040000,-0.053077469
4273,1367.360000,-0.053077469
4274,1367.680000,-0.053077469
4275,1368.000000,-0.049367155
4276,1368.320000,-0.053077469
4277,1368.640000,-0.056787782
4278,1368.960000,-0.053077469
4279,1369.280000,-0.053077469
4280,1369.600000,-0.053077469
4281,1369.920000,-0.053077469
4282,1370.240000,-0.053077469
4283,1370.560000,-0.053077469
4284,1370.880000,-0.053077469
4285,1371.200000,-0.053077469
4286,1371.520000,-0.045656842
4287,1371.840000,-0.049367155
4288,1372.160000,-0.049367155
4289,1372.480000,-0.049367155
4290,1372.800000,-0.053077469
4291,1373.120000,-0.049367155
4292,1373.440000,-0.053077469
4293,1373.760000,-0.049367155
4294,1374.080000,-0.049367155
4295,1374.400000,-0.053077469
4296,1374.720000,-0.049367155
4297,1375.040000,-0.053077469
4298,1375.360000,-0.053077469
4299,1375.680000,-0.053077469
4300,1376.000000,-0.056787782
4301,1376.320000,-0.056787782
4302,1376.640000,-0.056787782
4303,1376.960000,-0.056787782
4304,1377.280000,-0.056787782
4305,1377.600000,-0.053077469
4306,1377.920000,-0.053077469
4307,1378.240000,-0.049367155
4308,1378.560000,-0.045656842
4309,1378.880000,-0.049367155
4310,1379.200000,-0.056787782
4311,1379.520000,-0.056787782
4312,1379.840000,-0.056787782
4313,1380.160000,-0.060498095
4314,1380.480000,-0.056787782
4315,1380.800000,1.041464931
4316,1381.120000,3.312176621
4317,1381.440000,3.330728187
4318,1381.760000,3.345569440
4319,1382.080000,3.345569440
4320,1382.400000,3.345569440
4321,1382.720000,3.349279753
4322,1383.040000,3.349279753
4323,1383.360000,3.345569440
4324,1383.680000,3.345569440
4325,1384.000000,3.341859127
4326,1384.320000,3.345569440
4327,1384.640000,3.338148813
4328,1384.960000,3.338148813
4329,1385.280000,3.338148813
4330,1385.600000,3.338148813
4331,1385.920000,3.338148813
4332,1386.240000,3.345569440
4333,1386.560000,3.345569440
4334,1386.880000,3.345569440
4335,1387.200000,3.345569440
4336,1387.520000,3.345569440
4337,1387.840000,3.345569440
4338,1388.160000,3.341859127
4339,1388.480000,3.341859127
4340,1388.800000,3.341859127
4341,1389.120000,3.345569440
4342,1389.440000,3.345569440
4343,1389.760000,3.341859127
4344,1390.080000,3.341859127
4345,1390.400000,3.341859127
4346,1390.720000,3.341859127
4347,1391.040000,3.341859127
4348,1391.360000,3.345569440
4349,1391.680000,3.345569440
4350,1392.000000,3.341859127
4351,1392.320000,3.341859127
4352,1392.640000,3.341859127
4353,1392.960000,3.341859127
4354,1393.280000,3.341859127
4355,1393.600000,3.341859127
4356,1393.920000,3.341859127
4357,1394.240000,3.345569440
4358,1394.560000,3.341859127
4359,1394.880000,3.345569440
4360,1395.200000,3.345569440
4361,1395.520000,3.345569440
4362,1395.840000,3.349279753
4363,1396.160000,3.352990066
4364,1396.480000,3.349279753
4365,1396.800000,3.352990066
4366,1397.120000,3.349279753
4367,1397.440000,3.352990066
4368,1397.760000,3.352990066
4369,1398.080000,3.349279753
4370,1398.400000,3.345569440
4371,1398.720000,3.349279753
4372,1399.040000,3.345569440
4373,1399.360000,3.352990066
4374,1399.680000,3.352990066
4375,1400.000000,3.349279753
4376,1400.320000,3.352990066
4377,1400.640000,3.352990066
4378,1400.960000,3.349279753
4379,1401.280000,3.349279753
4380,1401.600000,3.352990066
4381,1401.920000,3.349279753
4382,1402.240000,3.349279753
4383,1402.560000,3.352990066
4384,1402.880000,3.352990066
4385,1403.200000,3.349279753
4386,1403.520000,3.349279753
4387,1403.840000,3.352990066
4388,1404.160000,3.352990066
4389,1404.480000,3.352990066
4390,1404.800000,3.349279753
4391,1405.120000,3.349279753
4392,1405.440000,3.352990066
4393,1405.760000,3.345569440
4394,1406.080000,3.345569440
4395,1406.400000,3.341859127
4396,1406.720000,3.345569440
4397,1407.040000,3.349279753
4398,1407.360000,3.352990066
4399,1407.680000,3.356700379
4400,1408.000000,3.349279753
4401,1408.320000,3.349279753
4402,1408.640000,3.345569440
4403,1408.960000,3.345569440
4404,1409.280000,3.341859127
4405,1409.600000,3.349279753
4406,1409.920000,3.349279753
4407,1410.240000,3.352990066
4408,1410.560000,3.349279753
4409,1410.880000,3.345569440
4410,1411.200000,3.349279753
4411,1411.520000,3.345569440
4412,1411.840000,3.345569440
4413,1412.160000,3.352990066
4414,1412.480000,3.352990066
4415,1412.800000,3.349279753
4416,1413.120000,3.345569440
4417,1413.440000,3.349279753
4418,1413.760000,3.349279753
4419,1414.080000,3.345569440
4420,1414.400000,3.345569440
4421,1414.720000,3.341859127
4422,1415.040000,3.345569440
4423,1415.360000,3.345569440
4424,1415.680000,3.345569440
4425,1416.000000,3.345569440
4426,1416.320000,3.341859127
4427,1416.640000,3.341859127
4428,1416.960000,3.338148813
4429,1417.280000,3.341859127
4430,1417.600000,3.345569440
4431,1417.920000,3.338148813
4432,1418.240000,3.338148813
4433,1418.560000,3.338148813
4434,1418.880000,3.341859127
4435,1419.200000,3.338148813
4436,1419.520000,3.334438500
4437,1419.840000,3.334438500
4438,1420.160000,3.334438500
4439,1420.480000,3.334438500
4440,1420.800000,3.334438500
4441,1421.120000,3.338148813
4442,1421.440000,3.341859127
4443,1421.760000,3.338148813
4444,1422.080000,3.334438500
4445,1422.400000,3.341859127
4446,1422.720000,3.338148813
4447,1423.040000,3.334438500
4448,1423.360000,3.334438500
4449,1423.680000,3.334438500
4450,1424.000000,3.330728187
4451,1424.320000,3.334438500
4452,1424.640000,3.334438500
4453,1424.960000,3.338148813
4454,1425.280000,3.338148813
4455,1425.600000,3.341859127
4456,1425.920000,3.345569440
4457,1426.240000,3.338148813
4458,1426.560000,3.338148813
4459,1426.880000,3.334438500
4460,1427.200000,3.334438500
4461,1427.520000,3.334438500
4462,1427.840000,3.334438500
4463,1428.160000,3.334438500
4464,1428.480000,3.334438500
4465,1428.800000,3.334438500
4466,1429.120000,3.338148813
4467,1429.440000,3.338148813
4468,1429.760000,3.330728187
4469,1430.080000,3.334438500
4470,1430.400000,3.327017874
4471,1430.720000,3.334438500
4472,1431.040000,3.330728187
4473,1431.360000,3.334438500
4474,1431.680000,3.330728187
4475,1432.000000,3.330728187
4476,1432.320000,3.330728187
4477,1432.640000,3.330728187
4478,1432.960000,3.327017874
4479,1433.280000,3.330728187
4480,1433.600000,3.330728187
4481,1433.920000,3.330728187
4482,1434.240000,3.330728187
4483,1434.560000,3.330728187
4484,1434.880000,3.330728187
4485,1435.200000,3.330728187
4486,1435.520000,3.327017874
4487,1435.840000,3.323307560
4488,1436.160000,3.323307560
4489,1436.480000,3.327017874
4490,1436.800000,3.323307560
4491,1437.120000,3.323307560
4492,1437.440000,3.323307560
4493,1437.760000,3.319597247
4494,1438.080000,3.323307560
4495,1438.400000,3.327017874
4496,1438.720000,3.327017874
4497,1439.040000,3.327017874
4498,1439.360000,3.327017874
4499,1439.680000,3.319597247
4500,1440.000000,3.319597247
4501,1440.320000,3.315886934
4502,1440.640000,3.315886934
4503,1440.960000,3.319597247
4504,1441.280000,3.319597247
4505,1441.600000,3.319597247
4506,1441.920000,3.323307560
4507,1442.240000,3.323307560
4508,1442.560000,3.323307560
4509,1442.880000,3.319597247
4510,1443.200000,3.319597247
4511,1443.520000,3.323307560
4512,1443.840000,3.319597247
4513,1444.160000,3.319597247
4514,1444.480000,3.327017874
4515,1444.800000,3.323307560
4516,1445.120000,3.323307560
4517,1445.440000,3.323307560
4518,1445.760000,3.319597247
4519,1446.080000,3.323307560
4520,1446.400000,3.323307560
4521,1446.720000,3.319597247
4522,1447.040000,3.319597247
4523,1447.360000,3.315886934
4524,1447.680000,3.319597247
4525,1448.000000,3.315886934
4526,1448.320000,3.315886934
4527,1448.640000,3.315886934
4528,1448.960000,3.315886934
4529,1449.280000,3.315886934
4530,1449.600000,3.323307560
4531,1449.920000,3.319597247
4532,1450.240000,3.319597247
4533,1450.560000,3.319597247
4534,1450.880000,3.315886934
4535,1451.200000,3.312176621
4536,1451.520000,3.315886934
4537,1451.840000,3.312176621
4538,1452.160000,3.312176621
4539,1452.480000,3.315886934
4540,1452.800000,3.315886934
4541,1453.120000,3.319597247
4542,1453.440000,3.323307560
4543,1453.760000,3.319597247
4544,1454.080000,3.319597247
4545,1454.400000,3.319597247
4546,1454.720000,3.315886934
4547,1455.040000,3.315886934
4548,1455.360000,3.327017874
4549,1455.680000,3.327017874
4550,1456.000000,3.327017874
4551,1456.320000,3.323307560
4552,1456.640000,3.319597247
4553,1456.960000,3.319597247
4554,1457.280000,3.323307560
4555,1457.600000,3.315886934
4556,1457.920000,3.315886934
4557,1458.240000,3.315886934
4558,1458.560000,3.315886934
4559,1458.880000,3.315886934
4560,1459.200000,3.315886934
4561,1459.520000,3.312176621
4562,1459.840000,3.312176621
4563,1460.160000,3.312176621
4564,1460.480000,3.315886934
4565,1460.800000,3.323307560
4566,1461.120000,3.319597247
4567,1461.440000,3.319597247
4568,1461.760000,3.315886934
4569,1462.080000,3.315886934
4570,1462.400000,3.312176621
4571,1462.720000,3.315886934
4572,1463.040000,3.315886934
4573,1463.360000,3.312176621
4574,1463.680000,3.312176621
4575,1464.000000,3.312176621
4576,1464.320000,3.312176621
4577,1464.640000,3.315886934
4578,1464.960000,3.312176621
4579,1465.280000,3.312176621
4580,1465.600000,3.312176621
4581,1465.920000,3.312176621
4582,1466.240000,3.315886934
4583,1466.560000,3.315886934
4584,1466.880000,3.312176621
4585,1467.200000,3.315886934
4586,1467.520000,3.312176621
4587,1467.840000,3.308466308
4588,1468.160000,3.312176621
4589,1468.480000,3.315886934
4590,1468.800000,3.312176621
4591,1469.120000,3.312176621
4592,1469.440000,3.312176621
4593,1469.760000,3.312176621
4594,1470.080000,3.312176621
4595,1470.400000,3.308466308
4596,1470.720000,3.308466308
4597,1471.040000,3.312176621
4598,1471.360000,3.312176621
4599,1471.680000,3.308466308
4600,1472.000000,3.308466308
4601,1472.320000,3.308466308
4602,1472.640000,3.304755994
4603,1472.960000,3.304755994
4604,1473.280000,3.312176621
4605,1473.600000,3.312176621
4606,1473.920000,3.312176621
4607,1474.240000,3.315886934
4608,1474.560000,3.315886934
4609,1474.880000,3.315886934
4610,1475.200000,3.315886934
4611,1475.520000,3.315886934
4612,1475.840000,3.312176621
4613,1476.160000,3.312176621
4614,1476.480000,3.315886934
4615,1476.800000,3.315886934
4616,1477.120000,3.315886934
4617,1477.440000,3.312176621
4618,1477.760000,3.315886934
4619,1478.080000,3.308466308
4620,1478.400000,3.308466308
4621,1478.720000,3.308466308
4622,1479.040000,3.312176621
4623,1479.360000,3.312176621
4624,1479.680000,3.319597247
4625,1480.000000,3.315886934
4626,1480.320000,3.312176621
4627,1480.640000,3.312176621
4628,1480.960000,3.304755994
4629,1481.280000,3.301045681
4630,1481.600000,3.304755994
4631,1481.920000,3.304755994
4632,1482.240000,3.308466308
4633,1482.560000,3.312176621
4634,1482.880000,3.312176621
4635,1483.200000,3.312176621
4636,1483.520000,3.304755994
4637,1483.840000,3.304755994
4638,1484.160000,3.304755994
4639,1484.480000,3.312176621
4640,1484.800000,3.315886934
4641,1485.120000,3.308466308
4642,1485.440000,3.308466308
4643,1485.760000,3.312176621
4644,1486.080000,3.312176621
4645,1486.400000,3.308466308
4646,1486.720000,3.308466308
4647,1487.040000,3.312176621
4648,1487.360000,3.312176621
4649,1487.680000,3.312176621
4650,1488.000000,3.312176621
4651,1488.320000,3.312176621
4652,1488.640000,3.308466308
4653,1488.960000,3.308466308
4654,1489.280000,3.308466308
4655,1489.600000,3.308466308
4656,1489.920000,3.304755994
4657,1490.240000,3.301045681
4658,1490.560000,3.308466308
4659,1490.880000,3.308466308
4660,1491.200000,3.312176621
4661,1491.520000,3.308466308
4662,1491.840000,3.308466308
4663,1492.160000,3.308466308
4664,1492.480000,3.308466308
4665,1492.800000,3.308466308
4666,1493.120000,3.308466308
4667,1493.440000,3.304755994
4668,1493.760000,3.308466308
4669,1494.080000,3.304755994
4670,1494.400000,3.312176621
4671,1494.720000,3.312176621
4672,1495.040000,3.312176621
4673,1495.360000,3.312176621
4674,1495.680000,3.312176621
4675,1496.000000,3.308466308
4676,1496.320000,3.308466308
4677,1496.640000,3.308466308
4678,1496.960000,3.308466308
4679,1497.280000,3.304755994
4680,1497.600000,3.312176621
4681,1497.920000,3.308466308
4682,1498.240000,3.308466308
4683,1498.560000,3.308466308
4684,1498.880000,3.308466308
4685,1499.200000,3.308466308
4686,1499.520000,3.308466308
4687,1499.840000,3.308466308
4688,1500.160000,3.308466308
4689,1500.480000,3.308466308
4690,1500.800000,3.308466308
4691,1501.120000,3.312176621
4692,1501.440000,3.312176621
4693,1501.760000,3.312176621
4694,1502.080000,3.312176621
4695,1502.400000,3.308466308
4696,1502.720000,3.304755994
4697,1503.040000,3.304755994
4698,1503.360000,3.308466308
4699,1503.680000,3.308466308
4700,1504.000000,3.304755994
4701,1504.320000,3.304755994
4702,1504.640000,3.312176621
4703,1504.960000,3.308466308
4704,1505.280000,3.315886934
4705,1505.600000,3.312176621
4706,1505.920000,3.308466308
4707,1506.240000,3.308466308
4708,1506.560000,3.308466308
4709,1506.880000,3.308466308
4710,1507.200000,3.312176621
4711,1507.520000,3.308466308
4712,1507.840000,3.308466308
4713,1508.160000,3.312176621
4714,1508.480000,3.312176621
4715,1508.800000,3.312176621
4716,1509.120000,3.312176621
4717,1509.440000,3.312176621
4718,1509.760000,3.308466308
4719,1510.080000,3.308466308
4720,1510.400000,3.308466308
4721,1510.720000,3.304755994
4722,1511.040000,3.304755994
4723,1511.360000,3.304755994
4724,1511.680000,3.304755994
4725,1512.000000,3.304755994
4726,1512.320000,3.304755994
4727,1512.640000,3.308466308
4728,1512.960000,3.308466308
4729,1513.280000,3.304755994
4730,1513.600000,3.308466308
4731,1513.920000,3.308466308
4732,1514.240000,3.308466308
4733,1514.560000,3.308466308
4734,1514.880000,3.308466308
4735,1515.200000,3.308466308
4736,1515.520000,3.308466308
4737,1515.840000,3.308466308
4738,1516.160000,3.304755994
4739,1516.480000,3.304755994
4740,1516.800000,3.308466308
4741,1517.120000,3.312176621
4742,1517.440000,3.312176621
4743,1517.760000,3.308466308
4744,1518.080000,3.304755994
4745,1518.400000,3.308466308
4746,1518.720000,3.304755994
4747,1519.040000,3.308466308
4748,1519.360000,3.308466308
4749,1519.680000,3.312176621
4750,1520.000000,3.304755994
4751,1520.320000,3.304755994
4752,1520.640000,3.304755994
4753,1520.960000,3.308466308
4754,1521.280000,3.304755994
4755,1521.600000,3.304755994
4756,1521.920000,3.304755994
4757,1522.240000,3.304755994
4758,1522.560000,3.304755994
4759,1522.880000,3.301045681
4760,1523.200000,3.301045681
4761,1523.520000,3.297335368
4762,1523.840000,3.297335368
4763,1524.160000,3.304755994
4764,1524.480000,3.308466308
4765,1524.800000,3.308466308
4766,1525.120000,3.308466308
4767,1525.440000,3.304755994
4768,1525.760000,3.304755994
4769,1526.080000,3.304755994
4770,1526.400000,3.308466308
4771,1526.720000,3.308466308
4772,1527.040000,3.308466308
4773,1527.360000,3.308466308
4774,1527.680000,3.312176621
4775,1528.000000,3.312176621
4776,1528.320000,3.304755994
4777,1528.640000,3.308466308
4778,1528.960000,3.304755994
4779,1529.280000,3.304755994
4780,1529.600000,3.308466308
4781,1529.920000,3.301045681
4782,1530.240000,3.304755994
4783,1530.560000,3.304755994
4784,1530.880000,3.308466308
4785,1531.200000,3.308466308
4786,1531.520000,3.308466308
4787,1531.840000,3.304755994
4788,1532.160000,3.308466308
4789,1532.480000,3.304755994
4790,1532.800000,3.308466308
4791,1533.120000,3.308466308
4792,1533.440000,3.312176621
4793,1533.760000,3.304755994
4794,1534.080000,3.304755994
4795,1534.400000,3.304755994
4796,1534.720000,3.308466308
4797,1535.040000,3.304755994
4798,1535.360000,3.308466308
4799,1535.680000,3.304755994
4800,1536.000000,3.308466308
4801,1536.320000,3.308466308
4802,1536.640000,3.312176621
4803,1536.960000,3.308466308
4804,1537.280000,3.304755994
4805,1537.600000,3.304755994
4806,1537.920000,3.304755994
4807,1538.240000,3.304755994
4808,1538.560000,3.308466308
4809,1538.880000,3.312176621
4810,1539.200000,3.308466308
4811,1539.520000,3.308466308
4812,1539.840000,3.312176621
4813,1540.160000,3.312176621
4814,1540.480000,3.312176621
4815,1540.800000,3.312176621
4816,1541.120000,3.312176621
4817,1541.440000,3.312176621
4818,1541.760000,3.304755994
4819,1542.080000,3.304755994
4820,1542.400000,3.304755994
4821,1542.720000,3.304755994
4822,1543.040000,3.304755994
4823,1543.360000,3.304755994
4824,1543.680000,3.308466308
4825,1544.000000,3.304755994
4826,1544.320000,3.304755994
4827,1544.640000,3.308466308
4828,1544.960000,3.312176621
4829,1545.280000,3.312176621
4830,1545.600000,3.315886934
4831,1545.920000,3.312176621
4832,1546.240000,3.312176621
4833,1546.560000,3.312176621
4834,1546.880000,3.304755994
4835,1547.200000,3.304755994
4836,1547.520000,3.304755994
4837,1547.840000,3.301045681
4838,1548.160000,3.301045681
4839,1548.480000,3.308466308
4840,1548.800000,3.308466308
4841,1549.120000,3.308466308
4842,1549.440000,3.308466308
4843,1549.760000,3.304755994
4844,1550.080000,3.308466308
4845,1550.400000,3.308466308
4846,1550.720000,3.308466308
4847,1551.040000,3.308466308
4848,1551.360000,3.308466308
4849,1551.680000,3.308466308
4850,1552.000000,3.308466308
4851,1552.320000,3.308466308
4852,1552.640000,3.308466308
4853,1552.960000,3.308466308
4854,1553.280000,3.312176621
4855,1553.600000,3.312176621
4856,1553.920000,3.315886934
4857,1554.240000,3.312176621
4858,1554.560000,3.315886934
4859,1554.880000,3.312176621
4860,1555.200000,3.308466308
4861,1555.520000,3.312176621
4862,1555.840000,3.312176621
4863,1556.160000,3.312176621
4864,1556.480000,3.308466308
4865,1556.800000,3.308466308
4866,1557.120000,3.308466308
4867,1557.440000,3.308466308
4868,1557.760000,3.308466308
4869,1558.080000,3.304755994
4870,1558.400000,3.308466308
4871,1558.720000,3.301045681
4872,1559.040000,3.304755994
4873,1559.360000,3.304755994
4874,1559.680000,3.308466308
4875,1560.000000,3.308466308
4876,1560.320000,3.304755994
4877,1560.640000,3.304755994
4878,1560.960000,3.301045681
4879,1561.280000,3.301045681
4880,1561.600000,3.304755994
4881,1561.920000,3.304755994
4882,1562.240000,3.308466308
4883,1562.560000,3.308466308
4884,1562.880000,3.308466308
4885,1563.200000,3.308466308
4886,1563.520000,3.304755994
4887,1563.840000,3.304755994
4888,1564.160000,3.297335368
4889,1564.480000,3.304755994
4890,1564.800000,3.304755994
4891,1565.120000,3.308466308
4892,1565.440000,3.301045681
4893,1565.760000,3.304755994
4894,1566.080000,3.301045681
4895,1566.400000,3.304755994
4896,1566.720000,3.304755994
4897,1567.040000,3.304755994
4898,1567.360000,3.308466308
4899,1567.680000,3.308466308
4900,1568.000000,3.308466308
4901,1568.320000,3.308466308
4902,1568.640000,3.308466308
4903,1568.960000,3.308466308
4904,1569.280000,3.308466308
4905,1569.600000,3.308466308
4906,1569.920000,3.308466308
4907,1570.240000,3.308466308
4908,1570.560000,3.308466308
4909,1570.880000,3.308466308
4910,1571.200000,3.308466308
4911,1571.520000,3.308466308
4912,1571.840000,3.308466308
4913,1572.160000,3.308466308
4914,1572.480000,3.308466308
4915,1572.800000,3.304755994
4916,1573.120000,3.312176621
4917,1573.440000,3.312176621
4918,1573.760000,3.312176621
4919,1574.080000,3.308466308
4920,1574.400000,3.312176621
4921,1574.720000,3.308466308
4922,1575.040000,3.312176621
4923,1575.360000,3.308466308
4924,1575.680000,3.308466308
4925,1576.000000,3.315886934
4926,1576.320000,3.308466308
4927,1576.640000,3.308466308
4928,1576.960000,3.308466308
4929,1577.280000,3.308466308
4930,1577.600000,3.308466308
4931,1577.920000,3.308466308
4932,1578.240000,3.304755994
4933,1578.560000,3.308466308
4934,1578.880000,3.308466308
4935,1579.200000,3.304755994
4936,1579.520000,3.301045681
4937,1579.840000,3.301045681
4938,1580.160000,3.304755994
4939,1580.480000,3.301045681
4940,1580.800000,3.304755994
4941,1581.120000,3.304755994
4942,1581.440000,3.304755994
4943,1581.760000,3.301045681
4944,1582.080000,3.301045681
4945,1582.400000,3.304755994
4946,1582.720000,3.304755994
4947,1583.040000,3.304755994
4948,1583.360000,3.308466308
4949,1583.680000,3.304755994
4950,1584.000000,3.308466308
4951,1584.320000,3.304755994
4952,1584.640000,3.308466308
4953,1584.960000,3.308466308
4954,1585.280000,3.301045681
4955,1585.600000,3.304755994
4956,1585.920000,3.304755994
4957,1586.240000,3.304755994
4958,1586.560000,3.304755994
4959,1586.880000,3.308466308
4960,1587.200000,3.308466308
4961,1587.520000,3.304755994
4962,1587.840000,3.304755994
4963,1588.160000,3.301045681
4964,1588.480000,3.304755994
4965,1588.800000,3.304755994
4966,1589.120000,3.312176621
4967,1589.440000,3.308466308
4968,1589.760000,3.304755994
4969,1590.080000,3.304755994
4970,1590.400000,3.304755994
4971,1590.720000,3.301045681
4972,1591.040000,3.308466308
4973,1591.360000,3.308466308
4974,1591.680000,3.301045681
4975,1592.000000,3.308466308
4976,1592.320000,3.301045681
4977,1592.640000,3.301045681
4978,1592.960000,3.301045681
4979,1593.280000,3.297335368
4980,1593.600000,3.304755994
4981,1593.920000,3.304755994
4982,1594.240000,3.308466308
4983,1594.560000,3.304755994
4984,1594.880000,3.304755994
4985,1595.200000,3.301045681
4986,1595.520000,3.308466308
4987,1595.840000,3.308466308
4988,1596.160000,3.312176621
4989,1596.480000,3.312176621
4990,1596.800000,3.312176621
4991,1597.120000,3.312176621
4992,1597.440000,3.312176621
4993,1597.760000,3.312176621
4994,1598.080000,3.312176621
4995,1598.400000,3.308466308
4996,1598.720000,3.308466308
4997,1599.040000,3.308466308
4998,1599.360000,3.308466308
4999,1599.680000,3.308466308
5000,1600.000000,3.304755994
5001,1600.320000,3.304755994
5002,1600.640000,3.304755994
5003,1600.960000,3.304755994
5004,1601.280000,3.304755994
5005,1601.600000,3.304755994
5006,1601.920000,3.308466308
5007,1602.240000,3.304755994
5008,1602.560000,3.308466308
5009,1602.880000,3.304755994
5010,1603.200000,3.308466308
5011,1603.520000,3.301045681
5012,1603.840000,3.304755994
5013,1604.160000,3.308466308
5014,1604.480000,3.304755994
5015,1604.800000,3.312176621
5016,1605.120000,3.308466308
5017,1605.440000,3.308466308
5018,1605.760000,3.308466308
5019,1606.080000,3.301045681
5020,1606.400000,3.301045681
5021,1606.720000,3.301045681
5022,1607.040000,3.304755994
5023,1607.360000,3.304755994
5024,1607.680000,3.308466308
5025,1608.000000,3.304755994
5026,1608.320000,3.304755994
5027,1608.640000,3.304755994
5028,1608.960000,3.304755994
5029,1609.280000,3.304755994
5030,1609.600000,3.304755994
5031,1609.920000,3.301045681
5032,1610.240000,3.304755994
5033,1610.560000,3.301045681
5034,1610.880000,3.301045681
5035,1611.200000,3.301045681
5036,1611.520000,3.304755994
5037,1611.840000,3.304755994
5038,1612.160000,3.304755994
5039,1612.480000,3.304755994
5040,1612.800000,3.301045681
5041,1613.120000,3.301045681
5042,1613.440000,3.301045681
5043,1613.760000,3.301045681
5044,1614.080000,3.304755994
5045,1614.400000,3.304755994
5046,1614.720000,3.308466308
5047,1615.040000,3.308466308
5048,1615.360000,3.304755994
5049,1615.680000,3.308466308
5050,1616.000000,3.308466308
5051,1616.320000,3.308466308
5052,1616.640000,3.304755994
5053,1616.960000,3.308466308
5054,1617.280000,3.308466308
5055,1617.600000,3.308466308
5056,1617.920000,3.304755994
5057,1618.240000,3.301045681
5058,1618.560000,3.301045681
5059,1618.880000,3.304755994
5060,1619.200000,3.304755994
5061,1619.520000,3.304755994
5062,1619.840000,3.308466308
5063,1620.160000,3.304755994
5064,1620.480000,3.301045681
5065,1620.800000,3.304755994
5066,1621.120000,3.304755994
5067,1621.440000,3.304755994
5068,1621.760000,3.304755994
5069,1622.080000,3.304755994
5070,1622.400000,3.308466308
5071,1622.720000,3.304755994
5072,1623.040000,3.308466308
5073,1623.360000,3.308466308
5074,1623.680000,3.308466308
5075,1624.000000,3.312176621
5076,1624.320000,3.304755994
5077,1624.640000,3.308466308
5078,1624.960000,3.304755994
5079,1625.280000,3.304755994
5080,1625.600000,3.312176621
5081,1625.920000,3.312176621
5082,1626.240000,3.312176621
5083,1626.560000,3.315886934
5084,1626.880000,3.312176621
5085,1627.200000,3.308466308
5086,1627.520000,3.304755994
5087,1627.840000,3.301045681
5088,1628.160000,3.297335368
5089,1628.480000,3.304755994
5090,1628.800000,3.301045681
5091,1629.120000,3.304755994
5092,1629.440000,3.304755994
5093,1629.760000,3.301045681
5094,1630.080000,3.304755994
5095,1630.400000,3.308466308
5096,1630.720000,3.308466308
5097,1631.040000,3.308466308
5098,1631.360000,3.308466308
5099,1631.680000,3.312176621
5100,1632.000000,3.304755994
5101,1632.320000,3.304755994
5102,1632.640000,3.312176621
5103,1632.960000,3.304755994
5104,1633.280000,3.304755994
5105,1633.600000,3.301045681
5106,1633.920000,3.304755994
5107,1634.240000,3.308466308
5108,1634.560000,3.304755994
5109,1634.880000,3.308466308
5110,1635.200000,3.308466308
5111,1635.520000,3.308466308
5112,1635.840000,3.308466308
5113,1636.160000,3.304755994
5114,1636.480000,3.312176621
5115,1636.800000,3.312176621
5116,1637.120000,3.308466308
5117,1637.440000,3.308466308
5118,1637.760000,3.308466308
5119,1638.080000,3.308466308
5120,1638.400000,3.308466308
5121,1638.720000,3.308466308
5122,1639.040000,3.308466308
5123,1639.360000,3.308466308
5124,1639.680000,3.301045681
5125,1640.000000,3.301045681
5126,1640.320000,3.304755994
5127,1640.640000,3.301045681
5128,1640.960000,3.297335368
5129,1641.280000,3.297335368
5130,1641.600000,3.304755994
5131,1641.920000,3.304755994
5132,1642.240000,3.308466308
5133,1642.560000,3.312176621
5134,1642.880000,3.308466308
5135,1643.200000,3.304755994
5136,1643.520000,3.308466308
5137,1643.840000,3.304755994
5138,1644.160000,3.304755994
5139,1644.480000,3.304755994
5140,1644.800000,3.304755994
5141,1645.120000,3.304755994
5142,1645.440000,3.304755994
5143,1645.760000,3.304755994
5144,1646.080000,3.304755994
5145,1646.400000,3.308466308
5146,1646.720000,3.308466308
5147,1647.040000,3.308466308
5148,1647.360000,3.308466308
5149,1647.680000,3.308466308
5150,1648.000000,3.308466308
5151,1648.320000,3.312176621
5152,1648.640000,3.312176621
5153,1648.960000,3.304755994
5154,1649.280000,3.304755994
5155,1649.600000,3.304755994
5156,1649.920000,3.304755994
5157,1650.240000,3.308466308
5158,1650.560000,3.312176621
5159,1650.880000,3.304755994
5160,1651.200000,3.304755994
5161,1651.520000,3.297335368
5162,1651.840000,3.301045681
5163,1652.160000,3.301045681
5164,1652.480000,3.301045681
5165,1652.800000,3.301045681
5166,1653.120000,3.301045681
5167,1653.440000,3.308466308
5168,1653.760000,3.304755994
5169,1654.080000,3.304755994
5170,1654.400000,3.304755994
5171,1654.720000,3.308466308
5172,1655.040000,3.308466308
5173,1655.360000,3.308466308
5174,1655.680000,3.308466308
5175,1656.000000,3.308466308
5176,1656.320000,3.304755994
5177,1656.640000,3.301045681
5178,1656.960000,3.297335368
5179,1657.280000,3.293625055
5180,1657.600000,3.297335368
5181,1657.920000,3.301045681
5182,1658.240000,3.301045681
5183,1658.560000,3.304755994
5184,1658.880000,3.304755994
5185,1659.200000,3.308466308
5186,1659.520000,3.304755994
5187,1659.840000,3.304755994
5188,1660.160000,3.304755994
5189,1660.480000,3.304755994
5190,1660.800000,3.304755994
5191,1661.120000,3.301045681
5192,1661.440000,3.304755994
5193,1661.760000,3.304755994
5194,1662.080000,3.308466308
5195,1662.400000,3.312176621
5196,1662.720000,3.304755994
5197,1663.040000,3.312176621
5198,1663.360000,3.308466308
5199,1663.680000,3.308466308
5200,1664.000000,3.304755994
5201,1664.320000,3.304755994
5202,1664.640000,3.304755994
5203,1664.960000,3.304755994
5204,1665.280000,3.301045681
5205,1665.600000,3.304755994
5206,1665.920000,3.304755994
5207,1666.240000,3.308466308
5208,1666.560000,3.304755994
5209,1666.880000,3.304755994
5210,1667.200000,3.301045681
5211,1667.520000,3.304755994
5212,1667.840000,3.304755994
5213,1668.160000,3.312176621
5214,1668.480000,3.308466308
5215,1668.800000,3.312176621
5216,1669.120000,3.308466308
5217,1669.440000,3.312176621
5218,1669.760000,3.308466308
5219,1670.080000,3.308466308
5220,1670.400000,3.312176621
5221,1670.720000,3.312176621
5222,1671.040000,3.312176621
5223,1671.360000,3.315886934
5224,1671.680000,3.315886934
5225,1672.000000,3.312176621
5226,1672.320000,3.315886934
5227,1672.640000,3.312176621
5228,1672.960000,3.315886934
5229,1673.280000,3.308466308
5230,1673.600000,3.312176621
5231,1673.920000,3.312176621
5232,1674.240000,3.308466308
5233,1674.560000,3.308466308
5234,1674.880000,3.308466308
5235,1675.200000,3.312176621
5236,1675.520000,3.304755994
5237,1675.840000,3.304755994
5238,1676.160000,3.304755994
5239,1676.480000,3.304755994
5240,1676.800000,3.308466308
5241,1677.120000,3.308466308
5242,1677.440000,3.308466308
5243,1677.760000,3.312176621
5244,1678.080000,3.308466308
5245,1678.400000,3.312176621
5246,1678.720000,3.308466308
5247,1679.040000,3.312176621
5248,1679.360000,3.308466308
5249,1679.680000,3.308466308
5250,1680.000000,3.308466308
5251,1680.320000,3.308466308
5252,1680.640000,3.308466308
5253,1680.960000,3.308466308
5254,1681.280000,3.308466308
5255,1681.600000,3.304755994
5256,1681.920000,3.312176621
5257,1682.240000,3.308466308
5258,1682.560000,3.304755994
5259,1682.880000,3.304755994
5260,1683.200000,3.304755994
5261,1683.520000,3.308466308
5262,1683.840000,3.304755994
5263,1684.160000,3.308466308
5264,1684.480000,3.308466308
5265,1684.800000,3.304755994
5266,1685.120000,3.308466308
5267,1685.440000,3.308466308
5268,1685.760000,3.308466308
5269,1686.080000,3.304755994
5270,1686.400000,3.304755994
5271,1686.720000,3.304755994
5272,1687.040000,3.304755994
5273,1687.360000,3.308466308
5274,1687.680000,3.312176621
5275,1688.000000,3.308466308
5276,1688.320000,3.308466308
5277,1688.640000,3.308466308
5278,1688.960000,3.308466308
5279,1689.280000,3.301045681
5280,1689.600000,3.304755994
5281,1689.920000,3.308466308
5282,1690.240000,3.304755994
5283,1690.560000,3.304755994
5284,1690.880000,3.308466308
5285,1691.200000,3.308466308
5286,1691.520000,3.312176621
5287,1691.840000,3.304755994
5288,1692.160000,3.301045681
5289,1692.480000,3.304755994
5290,1692.800000,3.301045681
5291,1693.120000,3.308466308
5292,1693.440000,3.308466308
5293,1693.760000,3.304755994
5294,1694.080000,3.308466308
5295,1694.400000,3.308466308
5296,1694.720000,3.308466308
5297,1695.040000,3.308466308
5298,1695.360000,3.304755994
5299,1695.680000,3.304755994
5300,1696.000000,3.304755994
5301,1696.320000,3.304755994
5302,1696.640000,3.297335368
5303,1696.960000,3.304755994
5304,1697.280000,3.304755994
5305,1697.600000,3.301045681
5306,1697.920000,3.308466308
5307,1698.240000,3.312176621
5308,1698.560000,3.308466308
5309,1698.880000,3.312176621
5310,1699.200000,3.308466308
5311,1699.520000,3.304755994
5312,1699.840000,3.301045681
5313,1700.160000,3.304755994
5314,1700.480000,3.301045681
5315,1700.800000,3.308466308
5316,1701.120000,3.304755994
5317,1701.440000,3.304755994
5318,1701.760000,3.301045681
5319,1702.080000,3.304755994
5320,1702.400000,3.304755994
5321,1702.720000,3.301045681
5322,1703.040000,3.301045681
5323,1703.360000,3.304755994
5324,1703.680000,3.308466308
5325,1704.000000,3.308466308
5326,1704.320000,3.308466308
5327,1704.640000,3.304755994
5328,1704.960000,3.308466308
5329,1705.280000,3.304755994
5330,1705.600000,3.308466308
5331,1705.920000,3.308466308
5332,1706.240000,3.308466308
5333,1706.560000,3.308466308
5334,1706.880000,3.308466308
5335,1707.200000,3.308466308
5336,1707.520000,3.308466308
5337,1707.840000,3.308466308
5338,1708.160000,3.308466308
5339,1708.480000,3.304755994
5340,1708.800000,3.301045681
5341,1709.120000,3.304755994
5342,1709.440000,3.304755994
5343,1709.760000,3.304755994
5344,1710.080000,3.301045681
5345,1710.400000,3.304755994
5346,1710.720000,3.301045681
5347,1711.040000,3.308466308
5348,1711.360000,3.312176621
5349,1711.680000,3.308466308
5350,1712.000000,3.308466308
5351,1712.320000,3.308466308
5352,1712.640000,3.304755994
5353,1712.960000,3.301045681
5354,1713.280000,3.304755994
5355,1713.600000,3.308466308
5356,1713.920000,3.304755994
5357,1714.240000,3.308466308
5358,1714.560000,3.312176621
5359,1714.880000,3.308466308
5360,1715.200000,3.308466308
5361,1715.520000,3.308466308
5362,1715.840000,3.304755994
5363,1716.160000,3.304755994
5364,1716.480000,3.301045681
5365,1716.800000,3.301045681
5366,1717.120000,3.297335368
5367,1717.440000,3.304755994
5368,1717.760000,3.308466308
5369,1718.080000,3.308466308
5370,1718.400000,3.304755994
5371,1718.720000,3.308466308
5372,1719.040000,3.308466308
5373,1719.360000,3.312176621
5374,1719.680000,3.315886934
5375,1720.000000,3.315886934
5376,1720.320000,3.315886934
5377,1720.640000,3.312176621
5378,1720.960000,3.312176621
5379,1721.280000,3.308466308
5380,1721.600000,3.308466308
5381,1721.920000,3.308466308
5382,1722.240000,3.308466308
5383,1722.560000,3.308466308
5384,1722.880000,3.308466308
5385,1723.200000,3.304755994
5386,1723.520000,3.308466308
5387,1723.840000,3.308466308
5388,1724.160000,3.308466308
5389,1724.480000,3.308466308
5390,1724.800000,3.308466308
5391,1725.120000,3.312176621
5392,1725.440000,3.308466308
5393,1725.760000,3.304755994
5394,1726.080000,3.308466308
5395,1726.400000,3.304755994
5396,1726.720000,3.304755994
5397,1727.040000,3.301045681
5398,1727.360000,3.304755994
5399,1727.680000,3.304755994
5400,1728.000000,3.308466308
5401,1728.320000,3.304755994
5402,1728.640000,3.304755994
5403,1728.960000,3.304755994
5404,1729.280000,3.304755994
5405,1729.600000,3.304755994
5406,1729.920000,3.308466308
5407,1730.240000,3.308466308
5408,1730.560000,3.312176621
5409,1730.880000,3.308466308
5410,1731.200000,3.312176621
5411,1731.520000,3.308466308
5412,1731.840000,3.304755994
5413,1732.160000,3.301045681
5414,1732.480000,3.304755994
5415,1732.800000,3.304755994
5416,1733.120000,3.304755994
5417,1733.440000,3.308466308
5418,1733.760000,3.308466308
5419,1734.080000,3.304755994
5420,1734.400000,3.308466308
5421,1734.720000,3.308466308
5422,1735.040000,3.308466308
5423,1735.360000,3.308466308
5424,1735.680000,3.308466308
5425,1736.000000,3.304755994
5426,1736.320000,3.308466308
5427,1736.640000,3.304755994
5428,1736.960000,3.308466308
5429,1737.280000,3.308466308
5430,1737.600000,3.312176621
5431,1737.920000,3.315886934
5432,1738.240000,3.308466308
5433,1738.560000,3.312176621
5434,1738.880000,3.312176621
5435,1739.200000,3.301045681
5436,1739.520000,3.304755994
5437,1739.840000,3.308466308
5438,1740.160000,3.304755994
5439,1740.480000,3.308466308
5440,1740.800000,3.308466308
5441,1741.120000,3.308466308
5442,1741.440000,3.308466308
5443,1741.760000,3.308466308
5444,1742.080000,3.304755994
5445,1742.400000,3.304755994
5446,1742.720000,3.304755994
5447,1743.040000,3.304755994
5448,1743.360000,3.308466308
5449,1743.680000,3.304755994
5450,1744.000000,3.304755994
5451,1744.320000,3.304755994
5452,1744.640000,3.304755994
5453,1744.960000,3.304755994
5454,1745.280000,3.301045681
5455,1745.600000,3.301045681
5456,1745.920000,3.304755994
5457,1746.240000,3.304755994
5458,1746.560000,3.304755994
5459,1746.880000,3.308466308
5460,1747.200000,3.308466308
5461,1747.520000,3.304755994
5462,1747.840000,3.304755994
5463,1748.160000,3.304755994
5464,1748.480000,3.304755994
5465,1748.800000,3.304755994
5466,1749.120000,3.301045681
5467,1749.440000,3.301045681
5468,1749.760000,3.308466308
5469,1750.080000,3.304755994
5470,1750.400000,3.301045681
5471,1750.720000,3.304755994
5472,1751.040000,3.301045681
5473,1751.360000,3.301045681
5474,1751.680000,3.301045681
5475,1752.000000,3.304755994
5476,1752.320000,3.304755994
5477,1752.640000,3.301045681
5478,1752.960000,3.297335368
5479,1753.280000,3.297335368
5480,1753.600000,3.297335368
5481,1753.920000,3.293625055
5482,1754.240000,3.297335368
5483,1754.560000,3.301045681
5484,1754.880000,3.301045681
5485,1755.200000,3.304755994
5486,1755.520000,3.304755994
5487,1755.840000,3.304755994
5488,1756.160000,3.304755994
5489,1756.480000,3.308466308
5490,1756.800000,3.312176621
5491,1757.120000,3.312176621
5492,1757.440000,3.312176621
5493,1757.760000,3.312176621
5494,1758.080000,3.308466308
5495,1758.400000,3.308466308
5496,1758.720000,3.304755994
5497,1759.040000,3.304755994
5498,1759.360000,3.308466308
5499,1759.680000,3.304755994
5500,1760.000000,3.308466308
5501,1760.320000,3.308466308
5502,1760.640000,3.304755994
5503,1760.960000,3.308466308
5504,1761.280000,3.304755994
5505,1761.600000,3.304755994
5506,1761.920000,3.308466308
5507,1762.240000,3.304755994
5508,1762.560000,3.308466308
5509,1762.880000,3.308466308
5510,1763.200000,3.304755994
5511,1763.520000,3.308466308
5512,1763.840000,3.308466308
5513,1764.160000,3.308466308
5514,1764.480000,3.308466308
5515,1764.800000,3.312176621
5516,1765.120000,3.312176621
5517,1765.440000,3.308466308
5518,1765.760000,3.304755994
5519,1766.080000,3.304755994
5520,1766.400000,3.301045681
5521,1766.720000,3.304755994
5522,1767.040000,3.304755994
5523,1767.360000,3.308466308
5524,1767.680000,3.304755994
5525,1768.000000,3.304755994
5526,1768.320000,3.308466308
5527,1768.640000,3.304755994
5528,1768.960000,3.308466308
5529,1769.280000,3.304755994
5530,1769.600000,3.304755994
5531,1769.920000,3.308466308
5532,1770.240000,3.304755994
5533,1770.560000,3.312176621
5534,1770.880000,3.312176621
5535,1771.200000,3.308466308
5536,1771.520000,3.312176621
5537,1771.840000,3.308466308
5538,1772.160000,3.304755994
5539,1772.480000,3.308466308
5540,1772.800000,3.308466308
5541,1773.120000,3.308466308
5542,1773.440000,3.308466308
5543,1773.760000,3.304755994
5544,1774.080000,3.304755994
5545,1774.400000,3.308466308
5546,1774.720000,3.304755994
5547,1775.040000,3.304755994
5548,1775.360000,3.312176621
5549,1775.680000,3.308466308
5550,1776.000000,3.308466308
5551,1776.320000,3.308466308
5552,1776.640000,3.308466308
5553,1776.960000,3.304755994
5554,1777.280000,3.304755994
5555,1777.600000,3.301045681
5556,1777.920000,3.304755994
5557,1778.240000,3.304755994
5558,1778.560000,3.312176621
5559,1778.880000,3.308466308
5560,1779.200000,3.308466308
5561,1779.520000,3.304755994
5562,1779.840000,3.308466308
5563,1780.160000,3.308466308
5564,1780.480000,3.315886934
5565,1780.800000,3.308466308
5566,1781.120000,3.308466308
5567,1781.440000,3.304755994
5568,1781.760000,3.312176621
5569,1782.080000,3.304755994
5570,1782.400000,3.301045681
5571,1782.720000,3.304755994
5572,1783.040000,3.301045681
5573,1783.360000,3.304755994
5574,1783.680000,3.304755994
5575,1784.000000,3.304755994
5576,1784.320000,3.304755994
5577,1784.640000,3.304755994
5578,1784.960000,3.304755994
5579,1785.280000,3.308466308
5580,1785.600000,3.301045681
5581,1785.920000,3.304755994
5582,1786.240000,3.308466308
5583,1786.560000,3.308466308
5584,1786.880000,3.312176621
5585,1787.200000,3.308466308
5586,1787.520000,3.301045681
5587,1787.840000,3.304755994
5588,1788.160000,3.301045681
5589,1788.480000,3.297335368
5590,1788.800000,3.301045681
5591,1789.120000,3.301045681
5592,1789.440000,3.304755994
5593,1789.760000,3.304755994
5594,1790.080000,3.308466308
5595,1790.400000,3.304755994
5596,1790.720000,3.304755994
5597,1791.040000,3.304755994
5598,1791.360000,3.304755994
5599,1791.680000,3.308466308
5600,1792.000000,3.308466308
5601,1792.320000,3.304755994
5602,1792.640000,3.304755994
5603,1792.960000,3.301045681
5604,1793.280000,3.304755994
5605,1793.600000,3.301045681
5606,1793.920000,3.301045681
5607,1794.240000,3.304755994
5608,1794.560000,3.312176621
5609,1794.880000,3.304755994
5610,1795.200000,3.308466308
5611,1795.520000,3.308466308
5612,1795.840000,3.308466308
5613,1796.160000,3.304755994
5614,1796.480000,3.304755994
5615,1796.800000,3.308466308
5616,1797.120000,3.304755994
5617,1797.440000,3.301045681
5618,1797.760000,3.304755994
5619,1798.080000,3.304755994
5620,1798.400000,3.304755994
5621,1798.720000,3.304755994
5622,1799.040000,3.308466308
5623,1799.360000,3.304755994
5624,1799.680000,3.308466308
5625,1800.000000,3.312176621
5626,1800.320000,3.312176621
5627,1800.640000,3.312176621
5628,1800.960000,3.304755994
5629,1801.280000,3.304755994
5630,1801.600000,3.304755994
5631,1801.920000,3.304755994
5632,1802.240000,3.304755994
5633,1802.560000,3.304755994
5634,1802.880000,3.304755994
5635,1803.200000,3.308466308
5636,1803.520000,3.308466308
5637,1803.840000,3.301045681
5638,1804.160000,3.308466308
5639,1804.480000,3.308466308
5640,1804.800000,3.312176621
5641,1805.120000,3.308466308
5642,1805.440000,3.308466308
5643,1805.760000,3.315886934
5644,1806.080000,3.312176621
5645,1806.400000,3.312176621
5646,1806.720000,3.304755994
5647,1807.040000,3.308466308
5648,1807.360000,3.304755994
5649,1807.680000,3.308466308
5650,1808.000000,3.308466308
5651,1808.320000,3.308466308
5652,1808.640000,3.304755994
5653,1808.960000,3.304755994
5654,1809.280000,3.304755994
5655,1809.600000,3.304755994
5656,1809.920000,3.308466308
5657,1810.240000,3.308466308
5658,1810.560000,3.308466308
5659,1810.880000,3.301045681
5660,1811.200000,3.308466308
5661,1811.520000,3.304755994
5662,1811.840000,3.308466308
5663,1812.160000,3.312176621
5664,1812.480000,3.312176621
5665,1812.800000,3.304755994
5666,1813.120000,3.304755994
5667,1813.440000,3.308466308
5668,1813.760000,3.312176621
5669,1814.080000,3.312176621
5670,1814.400000,3.308466308
5671,1814.720000,3.308466308
5672,1815.040000,3.308466308
5673,1815.360000,3.304755994
5674,1815.680000,3.308466308
5675,1816.000000,3.308466308
5676,1816.320000,3.308466308
5677,1816.640000,3.312176621
5678,1816.960000,3.308466308
5679,1817.280000,3.308466308
5680,1817.600000,3.312176621
5681,1817.920000,3.312176621
5682,1818.240000,3.312176621
5683,1818.560000,3.312176621
5684,1818.880000,3.308466308
5685,1819.200000,3.312176621
5686,1819.520000,3.308466308
5687,1819.840000,3.308466308
5688,1820.160000,3.308466308
5689,1820.480000,3.304755994
5690,1820.800000,3.308466308
5691,1821.120000,3.308466308
5692,1821.440000,3.308466308
5693,1821.760000,3.304755994
5694,1822.080000,3.308466308
5695,1822.400000,3.308466308
5696,1822.720000,3.308466308
5697,1823.040000,3.308466308
5698,1823.360000,3.308466308
5699,1823.680000,3.304755994
5700,1824.000000,3.304755994
5701,1824.320000,3.304755994
5702,1824.640000,3.304755994
5703,1824.960000,3.304755994
5704,1825.280000,3.308466308
5705,1825.600000,3.308466308
5706,1825.920000,3.308466308
5707,1826.240000,3.304755994
5708,1826.560000,3.308466308
5709,1826.880000,3.312176621
5710,1827.200000,3.312176621
5711,1827.520000,3.312176621
5712,1827.840000,3.308466308
5713,1828.160000,3.304755994
5714,1828.480000,3.304755994
5715,1828.800000,3.304755994
5716,1829.120000,3.308466308
5717,1829.440000,3.308466308
5718,1829.760000,3.312176621
5719,1830.080000,3.304755994
5720,1830.400000,3.315886934
5721,1830.720000,3.312176621
5722,1831.040000,3.312176621
5723,1831.360000,3.308466308
5724,1831.680000,3.308466308
5725,1832.000000,3.304755994
5726,1832.320000,3.308466308
5727,1832.640000,3.312176621
5728,1832.960000,3.312176621
5729,1833.280000,3.312176621
5730,1833.600000,3.315886934
5731,1833.920000,3.315886934
5732,1834.240000,3.315886934
5733,1834.560000,3.308466308
5734,1834.880000,3.308466308
5735,1835.200000,3.308466308
5736,1835.520000,3.308466308
5737,1835.840000,3.312176621
5738,1836.160000,3.312176621
5739,1836.480000,3.308466308
5740,1836.800000,3.308466308
5741,1837.120000,3.312176621
5742,1837.440000,3.308466308
5743,1837.760000,3.308466308
5744,1838.080000,3.308466308
5745,1838.400000,3.312176621
5746,1838.720000,3.312176621
5747,1839.040000,3.312176621
5748,1839.360000,3.312176621
5749,1839.680000,3.312176621
5750,1840.000000,3.308466308
5751,1840.320000,3.304755994
5752,1840.640000,3.308466308
5753,1840.960000,3.308466308
5754,1841.280000,3.304755994
5755,1841.600000,3.308466308
5756,1841.920000,3.308466308
5757,1842.240000,3.312176621
5758,1842.560000,3.308466308
5759,1842.880000,3.312176621
5760,1843.200000,3.308466308
5761,1843.520000,3.312176621
5762,1843.840000,3.312176621
5763,1844.160000,3.312176621
5764,1844.480000,3.312176621
5765,1844.800000,3.312176621
5766,1845.120000,3.312176621
5767,1845.440000,3.312176621
5768,1845.760000,3.312176621
5769,1846.080000,3.315886934
5770,1846.400000,3.312176621
5771,1846.720000,3.312176621
5772,1847.040000,3.312176621
5773,1847.360000,3.308466308
5774,1847.680000,3.312176621
5775,1848.000000,3.308466308
5776,1848.320000,3.308466308
5777,1848.640000,3.308466308
5778,1848.960000,3.308466308
5779,1849.280000,3.308466308
5780,1849.600000,3.312176621
5781,1849.920000,3.312176621
5782,1850.240000,3.308466308
5783,1850.560000,3.308466308
5784,1850.880000,3.304755994
5785,1851.200000,3.301045681
5786,1851.520000,3.301045681
5787,1851.840000,3.308466308
5788,1852.160000,3.312176621
5789,1852.480000,3.315886934
5790,1852.800000,3.308466308
5791,1853.120000,3.308466308
5792,1853.440000,3.308466308
5793,1853.760000,3.308466308
5794,1854.080000,3.308466308
5795,1854.400000,3.304755994
5796,1854.720000,3.304755994
5797,1855.040000,3.304755994
5798,1855.360000,3.308466308
5799,1855.680000,3.304755994
5800,1856.000000,3.308466308
5801,1856.320000,3.312176621
5802,1856.640000,3.312176621
5803,1856.960000,3.312176621
5804,1857.280000,3.312176621
5805,1857.600000,3.312176621
5806,1857.920000,3.312176621
5807,1858.240000,3.315886934
5808,1858.560000,3.308466308
5809,1858.880000,3.312176621
5810,1859.200000,3.312176621
5811,1859.520000,3.308466308
5812,1859.840000,3.308466308
5813,1860.160000,3.308466308
5814,1860.480000,3.308466308
5815,1860.800000,3.308466308
5816,1861.120000,3.301045681
5817,1861.440000,3.301045681
5818,1861.760000,3.304755994
5819,1862.080000,3.304755994
5820,1862.400000,3.304755994
5821,1862.720000,3.304755994
5822,1863.040000,3.304755994
5823,1863.360000,3.304755994
5824,1863.680000,3.308466308
5825,1864.000000,3.304755994
5826,1864.320000,3.301045681
5827,1864.640000,3.301045681
5828,1864.960000,3.304755994
5829,1865.280000,3.301045681
5830,1865.600000,3.301045681
5831,1865.920000,3.304755994
5832,1866.240000,3.308466308
5833,1866.560000,3.308466308
5834,1866.880000,3.308466308
5835,1867.200000,3.304755994
5836,1867.520000,3.304755994
5837,1867.840000,3.304755994
5838,1868.160000,3.304755994
5839,1868.480000,3.308466308
5840,1868.800000,3.308466308
5841,1869.120000,3.308466308
5842,1869.440000,3.308466308
5843,1869.760000,3.304755994
5844,1870.080000,3.308466308
5845,1870.400000,3.308466308
5846,1870.720000,3.301045681
5847,1871.040000,3.301045681
5848,1871.360000,3.304755994
5849,1871.680000,3.304755994
5850,1872.000000,3.304755994
5851,1872.320000,3.304755994
5852,1872.640000,3.304755994
5853,1872.960000,3.308466308
5854,1873.280000,3.308466308
5855,1873.600000,3.308466308
5856,1873.920000,3.312176621
5857,1874.240000,3.308466308
5858,1874.560000,3.308466308
5859,1874.880000,3.308466308
5860,1875.200000,3.308466308
5861,1875.520000,3.304755994
5862,1875.840000,3.304755994
5863,1876.160000,3.308466308
5864,1876.480000,3.308466308
5865,1876.800000,3.312176621
5866,1877.120000,3.308466308
5867,1877.440000,3.308466308
5868,1877.760000,3.304755994
5869,1878.080000,3.304755994
5870,1878.400000,3.304755994
5871,1878.720000,3.308466308
5872,1879.040000,3.308466308
5873,1879.360000,3.308466308
5874,1879.680000,3.312176621
5875,1880.000000,3.315886934
5876,1880.320000,3.315886934
5877,1880.640000,3.315886934
5878,1880.960000,3.312176621
5879,1881.280000,3.315886934
5880,1881.600000,3.312176621
5881,1881.920000,3.308466308
5882,1882.240000,3.312176621
5883,1882.560000,3.312176621
5884,1882.880000,3.312176621
5885,1883.200000,3.308466308
5886,1883.520000,3.308466308
5887,1883.840000,3.308466308
5888,1884.160000,3.304755994
5889,1884.480000,3.308466308
5890,1884.800000,3.308466308
5891,1885.120000,3.301045681
5892,1885.440000,3.304755994
5893,1885.760000,3.304755994
5894,1886.080000,3.304755994
5895,1886.400000,3.304755994
5896,1886.720000,3.304755994
5897,1887.040000,3.304755994
5898,1887.360000,3.308466308
5899,1887.680000,3.308466308
5900,1888.000000,3.301045681
5901,1888.320000,3.304755994
5902,1888.640000,3.304755994
5903,1888.960000,3.308466308
5904,1889.280000,3.308466308
5905,1889.600000,3.308466308
5906,1889.920000,3.308466308
5907,1890.240000,3.315886934
5908,1890.560000,3.308466308
5909,1890.880000,3.308466308
5910,1891.200000,3.308466308
5911,1891.520000,3.304755994
5912,1891.840000,3.304755994
5913,1892.160000,3.304755994
5914,1892.480000,3.304755994
5915,1892.800000,3.301045681
5916,1893.120000,3.304755994
5917,1893.440000,3.304755994
5918,1893.760000,3.308466308
5919,1894.080000,3.304755994
5920,1894.400000,3.304755994
5921,1894.720000,3.304755994
5922,1895.040000,3.304755994
5923,1895.360000,3.304755994
5924,1895.680000,3.304755994
5925,1896.000000,3.308466308
5926,1896.320000,3.308466308
5927,1896.640000,3.308466308
5928,1896.960000,3.304755994
5929,1897.280000,3.304755994
5930,1897.600000,3.304755994
5931,1897.920000,3.304755994
5932,1898.240000,3.304755994
5933,1898.560000,3.304755994
5934,1898.880000,3.301045681
5935,1899.200000,3.304755994
5936,1899.520000,3.308466308
5937,1899.840000,3.304755994
5938,1900.160000,3.304755994
5939,1900.480000,3.304755994
5940,1900.800000,3.301045681
5941,1901.120000,3.308466308
5942,1901.440000,3.308466308
5943,1901.760000,3.308466308
5944,1902.080000,3.308466308
5945,1902.400000,3.308466308
5946,1902.720000,3.308466308
5947,1903.040000,3.308466308
5948,1903.360000,3.308466308
5949,1903.680000,3.312176621
5950,1904.000000,3.312176621
5951,1904.320000,3.312176621
5952,1904.640000,3.312176621
5953,1904.960000,3.312176621
5954,1905.280000,3.308466308
5955,1905.600000,3.304755994
5956,1905.920000,3.304755994
5957,1906.240000,3.304755994
5958,1906.560000,3.308466308
5959,1906.880000,3.308466308
5960,1907.200000,3.304755994
5961,1907.520000,3.304755994
5962,1907.840000,3.304755994
5963,1908.160000,3.308466308
5964,1908.480000,3.308466308
5965,1908.800000,3.308466308
5966,1909.120000,3.304755994
5967,1909.440000,3.308466308
5968,1909.760000,3.308466308
5969,1910.080000,3.308466308
5970,1910.400000,3.308466308
5971,1910.720000,3.308466308
5972,1911.040000,3.308466308
5973,1911.360000,3.304755994
5974,1911.680000,3.308466308
5975,1912.000000,3.308466308
5976,1912.320000,3.312176621
5977,1912.640000,3.308466308
5978,1912.960000,3.308466308
5979,1913.280000,3.304755994
5980,1913.600000,3.304755994
5981,1913.920000,3.308466308
5982,1914.240000,3.304755994
5983,1914.560000,3.304755994
5984,1914.880000,3.304755994
5985,1915.200000,3.308466308
5986,1915.520000,3.304755994
5987,1915.840000,3.308466308
5988,1916.160000,3.308466308
5989,1916.480000,3.304755994
5990,1916.800000,3.304755994
5991,1917.120000,3.304755994
5992,1917.440000,3.308466308
5993,1917.760000,3.304755994
5994,1918.080000,3.304755994
5995,1918.400000,3.304755994
5996,1918.720000,3.308466308
5997,1919.040000,3.304755994
5998,1919.360000,3.308466308
5999,1919.680000,3.304755994
6000,1920.000000,3.304755994
6001,1920.320000,3.304755994
6002,1920.640000,3.304755994
6003,1920.960000,3.308466308
6004,1921.280000,3.308466308
6005,1921.600000,3.312176621
6006,1921.920000,3.304755994
6007,1922.240000,3.308466308
6008,1922.560000,3.308466308
6009,1922.880000,3.304755994
6010,1923.200000,3.308466308
6011,1923.520000,3.312176621
6012,1923.840000,3.312176621
6013,1924.160000,3.312176621
6014,1924.480000,3.312176621
6015,1924.800000,3.312176621
6016,1925.120000,3.308466308
6017,1925.440000,3.312176621
6018,1925.760000,3.312176621
6019,1926.080000,3.304755994
6020,1926.400000,3.308466308
6021,1926.720000,3.308466308
6022,1927.040000,3.308466308
6023,1927.360000,3.304755994
6024,1927.680000,3.304755994
6025,1928.000000,3.308466308
6026,1928.320000,3.312176621
6027,1928.640000,3.312176621
6028,1928.960000,3.312176621
6029,1929.280000,3.312176621
6030,1929.600000,3.312176621
6031,1929.920000,3.308466308
6032,1930.240000,3.312176621
6033,1930.560000,3.308466308
6034,1930.880000,3.304755994
6035,1931.200000,3.308466308
6036,1931.520000,3.304755994
6037,1931.840000,3.304755994
6038,1932.160000,3.308466308
6039,1932.480000,3.308466308
6040,1932.800000,3.308466308
6041,1933.120000,3.308466308
6042,1933.440000,3.308466308
6043,1933.760000,3.308466308
6044,1934.080000,3.312176621
6045,1934.400000,3.308466308
6046,1934.720000,3.312176621
6047,1935.040000,3.312176621
6048,1935.360000,3.308466308
6049,1935.680000,3.308466308
6050,1936.000000,3.308466308
6051,1936.320000,3.308466308
6052,1936.640000,3.312176621
6053,1936.960000,3.308466308
6054,1937.280000,3.308466308
6055,1937.600000,3.308466308
6056,1937.920000,3.308466308
6057,1938.240000,3.308466308
6058,1938.560000,3.304755994
6059,1938.880000,3.304755994
6060,1939.200000,3.308466308
6061,1939.520000,3.308466308
6062,1939.840000,3.304755994
6063,1940.160000,3.308466308
6064,1940.480000,3.304755994
6065,1940.800000,3.301045681
6066,1941.120000,3.301045681
6067,1941.440000,3.304755994
6068,1941.760000,3.301045681
6069,1942.080000,3.304755994
6070,1942.400000,3.304755994
6071,1942.720000,3.312176621
6072,1943.040000,3.312176621
6073,1943.360000,3.312176621
6074,1943.680000,3.308466308
6075,1944.000000,3.308466308
6076,1944.320000,3.312176621
6077,1944.640000,3.308466308
6078,1944.960000,3.312176621
6079,1945.280000,3.312176621
6080,1945.600000,3.315886934
6081,1945.920000,3.308466308
6082,1946.240000,3.312176621
6083,1946.560000,3.304755994
6084,1946.880000,3.308466308
6085,1947.200000,3.304755994
6086,1947.520000,3.308466308
6087,1947.840000,3.308466308
6088,1948.160000,3.312176621
6089,1948.480000,3.312176621
6090,1948.800000,3.312176621
6091,1949.120000,3.308466308
6092,1949.440000,3.308466308
6093,1949.760000,3.308466308
6094,1950.080000,3.304755994
6095,1950.400000,3.304755994
6096,1950.720000,3.304755994
6097,1951.040000,3.312176621
6098,1951.360000,3.308466308
6099,1951.680000,3.312176621
6100,1952.000000,3.304755994
6101,1952.320000,3.304755994
6102,1952.640000,3.304755994
6103,1952.960000,3.304755994
6104,1953.280000,3.308466308
6105,1953.600000,3.312176621
6106,1953.920000,3.308466308
6107,1954.240000,3.308466308
6108,1954.560000,3.304755994
6109,1954.880000,3.308466308
6110,1955.200000,3.304755994
6111,1955.520000,3.304755994
6112,1955.840000,3.304755994
6113,1956.160000,3.301045681
6114,1956.480000,3.304755994
6115,1956.800000,3.308466308
6116,1957.120000,3.308466308
6117,1957.440000,3.308466308
6118,1957.760000,3.308466308
6119,1958.080000,3.304755994
6120,1958.400000,3.304755994
6121,1958.720000,3.308466308
6122,1959.040000,3.304755994
6123,1959.360000,3.304755994
6124,1959.680000,3.301045681
6125,1960.000000,3.304755994
6126,1960.320000,3.304755994
6127,1960.640000,3.308466308
6128,1960.960000,3.312176621
6129,1961.280000,3.312176621
6130,1961.600000,3.312176621
6131,1961.920000,3.312176621
6132,1962.240000,3.312176621
6133,1962.560000,3.312176621
6134,1962.880000,3.308466308
6135,1963.200000,3.304755994
6136,1963.520000,3.301045681
6137,1963.840000,3.304755994
6138,1964.160000,3.301045681
6139,1964.480000,3.304755994
6140,1964.800000,3.308466308
6141,1965.120000,3.304755994
6142,1965.440000,3.304755994
6143,1965.760000,3.308466308
6144,1966.080000,3.308466308
6145,1966.400000,3.301045681
6146,1966.720000,3.304755994
6147,1967.040000,3.304755994
6148,1967.360000,3.308466308
6149,1967.680000,3.308466308
6150,1968.000000,3.308466308
6151,1968.320000,3.304755994
6152,1968.640000,3.304755994
6153,1968.960000,3.304755994
6154,1969.280000,3.304755994
6155,1969.600000,3.308466308
6156,1969.920000,3.308466308
6157,1970.240000,3.315886934
6158,1970.560000,3.312176621
6159,1970.880000,3.308466308
6160,1971.200000,3.308466308
6161,1971.520000,3.308466308
6162,1971.840000,3.308466308
6163,1972.160000,3.308466308
6164,1972.480000,3.308466308
6165,1972.800000,3.308466308
6166,1973.120000,3.312176621
6167,1973.440000,3.315886934
6168,1973.760000,3.308466308
6169,1974.080000,3.312176621
6170,1974.400000,3.304755994
6171,1974.720000,3.308466308
6172,1975.040000,3.308466308
6173,1975.360000,3.304755994
6174,1975.680000,3.308466308
6175,1976.000000,3.312176621
6176,1976.320000,3.308466308
6177,1976.640000,3.308466308
6178,1976.960000,3.308466308
6179,1977.280000,3.304755994
6180,1977.600000,3.304755994
6181,1977.920000,3.304755994
6182,1978.240000,3.304755994
6183,1978.560000,3.304755994
6184,1978.880000,3.308466308
6185,1979.200000,3.308466308
6186,1979.520000,3.304755994
6187,1979.840000,3.304755994
6188,1980.160000,3.304755994
6189,1980.480000,3.304755994
6190,1980.800000,3.304755994
6191,1981.120000,3.304755994
6192,1981.440000,3.304755994
6193,1981.760000,3.304755994
6194,1982.080000,3.308466308
6195,1982.400000,3.301045681
6196,1982.720000,3.301045681
6197,1983.040000,3.308466308
6198,1983.360000,3.308466308
6199,1983.680000,3.308466308
6200,1984.000000,3.312176621
6201,1984.320000,3.304755994
6202,1984.640000,3.312176621
6203,1984.960000,3.304755994
6204,1985.280000,3.304755994
6205,1985.600000,3.304755994
6206,1985.920000,3.304755994
6207,1986.240000,3.304755994
6208,1986.560000,3.304755994
6209,1986.880000,3.308466308
6210,1987.200000,3.308466308
6211,1987.520000,3.308466308
6212,1987.840000,3.304755994
6213,1988.160000,3.304755994
6214,1988.480000,3.308466308
6215,1988.800000,3.312176621
6216,1989.120000,3.308466308
6217,1989.440000,3.308466308
6218,1989.760000,3.308466308
6219,1990.080000,3.312176621
6220,1990.400000,3.312176621
6221,1990.720000,3.304755994
6222,1991.040000,3.308466308
6223,1991.360000,3.308466308
6224,1991.680000,3.312176621
6225,1992.000000,3.308466308
6226,1992.320000,3.312176621
6227,1992.640000,3.304755994
6228,1992.960000,3.308466308
6229,1993.280000,3.308466308
6230,1993.600000,3.304755994
6231,1993.920000,3.304755994
6232,1994.240000,3.308466308
6233,1994.560000,3.308466308
6234,1994.880000,3.312176621
6235,1995.200000,3.308466308
6236,1995.520000,3.308466308
6237,1995.840000,3.312176621
6238,1996.160000,3.308466308
6239,1996.480000,3.308466308
6240,1996.800000,3.308466308
6241,1997.120000,3.308466308
6242,1997.440000,3.308466308
6243,1997.760000,3.304755994
6244,1998.080000,3.304755994
6245,1998.400000,3.301045681
6246,1998.720000,3.297335368
6247,1999.040000,3.304755994
6248,1999.360000,3.301045681
6249,1999.680000,3.304755994
6250,2000.000000,3.304755994
6251,2000.320000,3.304755994
6252,2000.640000,3.308466308
6253,2000.960000,3.308466308
6254,2001.280000,3.308466308
6255,2001.600000,3.308466308
6256,2001.920000,3.312176621
6257,2002.240000,3.312176621
6258,2002.560000,3.312176621
6259,2002.880000,3.312176621
6260,2003.200000,3.308466308
6261,2003.520000,3.308466308
6262,2003.840000,3.304755994
6263,2004.160000,3.304755994
6264,2004.480000,3.304755994
6265,2004.800000,3.308466308
6266,2005.120000,3.312176621
6267,2005.440000,3.312176621
6268,2005.760000,3.308466308
6269,2006.080000,3.308466308
6270,2006.400000,3.312176621
6271,2006.720000,3.304755994
6272,2007.040000,3.304755994
6273,2007.360000,3.304755994
6274,2007.680000,3.308466308
6275,2008.000000,3.308466308
6276,2008.320000,3.308466308
6277,2008.640000,3.304755994
6278,2008.960000,3.304755994
6279,2009.280000,3.308466308
6280,2009.600000,3.304755994
6281,2009.920000,3.304755994
6282,2010.240000,3.304755994
6283,2010.560000,3.304755994
6284,2010.880000,3.304755994
6285,2011.200000,3.308466308
6286,2011.520000,3.304755994
6287,2011.840000,3.304755994
6288,2012.160000,3.304755994
6289,2012.480000,3.312176621
6290,2012.800000,3.308466308
6291,2013.120000,3.308466308
6292,2013.440000,3.308466308
6293,2013.760000,3.308466308
6294,2014.080000,3.304755994
6295,2014.400000,3.304755994
6296,2014.720000,3.308466308
6297,2015.040000,3.308466308
6298,2015.360000,3.308466308
6299,2015.680000,3.308466308
6300,2016.000000,3.308466308
6301,2016.320000,3.304755994
6302,2016.640000,3.301045681
6303,2016.960000,3.308466308
6304,2017.280000,3.308466308
6305,2017.600000,3.308466308
6306,2017.920000,3.312176621
6307,2018.240000,3.308466308
6308,2018.560000,3.312176621
6309,2018.880000,3.312176621
6310,2019.200000,3.308466308
6311,2019.520000,3.308466308
6312,2019.840000,3.308466308
6313,2020.160000,3.308466308
6314,2020.480000,3.304755994
6315,2020.800000,3.304755994
6316,2021.120000,3.304755994
6317,2021.440000,3.304755994
6318,2021.760000,3.308466308
6319,2022.080000,3.308466308
6320,2022.400000,3.312176621
6321,2022.720000,3.308466308
6322,2023.040000,3.308466308
6323,2023.360000,3.308466308
6324,2023.680000,3.304755994
6325,2024.000000,3.304755994
6326,2024.320000,3.308466308
6327,2024.640000,3.304755994
6328,2024.960000,3.308466308
6329,2025.280000,3.308466308
6330,2025.600000,3.308466308
6331,2025.920000,3.312176621
6332,2026.240000,3.312176621
6333,2026.560000,3.308466308
6334,2026.880000,3.312176621
6335,2027.200000,3.312176621
6336,2027.520000,3.308466308
6337,2027.840000,3.308466308
6338,2028.160000,3.301045681
6339,2028.480000,3.304755994
6340,2028.800000,3.308466308
6341,2029.120000,3.304755994
6342,2029.440000,3.304755994
6343,2029.760000,3.308466308
6344,2030.080000,3.312176621
6345,2030.400000,3.312176621
6346,2030.720000,3.312176621
6347,2031.040000,3.308466308
6348,2031.360000,3.308466308
6349,2031.680000,3.308466308
6350,2032.000000,3.301045681
6351,2032.320000,3.297335368
6352,2032.640000,3.301045681
6353,2032.960000,3.301045681
6354,2033.280000,3.304755994
6355,2033.600000,3.304755994
6356,2033.920000,3.308466308
6357,2034.240000,3.308466308
6358,2034.560000,3.304755994
6359,2034.880000,3.308466308
6360,2035.200000,3.308466308
6361,2035.520000,3.308466308
6362,2035.840000,3.308466308
6363,2036.160000,3.308466308
6364,2036.480000,3.312176621
6365,2036.800000,3.308466308
6366,2037.120000,3.308466308
6367,2037.440000,3.304755994
6368,2037.760000,3.304755994
6369,2038.080000,3.304755994
6370,2038.400000,3.304755994
6371,2038.720000,3.304755994
6372,2039.040000,3.301045681
6373,2039.360000,3.304755994
6374,2039.680000,3.304755994
6375,2040.000000,3.301045681
6376,2040.320000,3.308466308
6377,2040.640000,3.308466308
6378,2040.960000,3.304755994
6379,2041.280000,3.308466308
6380,2041.600000,3.308466308
6381,2041.920000,3.312176621
6382,2042.240000,3.308466308
6383,2042.560000,3.312176621
6384,2042.880000,3.315886934
6385,2043.200000,3.308466308
6386,2043.520000,3.312176621
6387,2043.840000,3.308466308
6388,2044.160000,3.308466308
6389,2044.480000,3.304755994
6390,2044.800000,3.304755994
6391,2045.120000,3.308466308
6392,2045.440000,3.315886934
6393,2045.760000,3.312176621
6394,2046.080000,3.315886934
6395,2046.400000,3.308466308
6396,2046.720000,3.308466308
6397,2047.040000,3.308466308
6398,2047.360000,3.308466308
6399,2047.680000,3.308466308
6400,2048.000000,3.304755994
6401,2048.320000,3.304755994
6402,2048.640000,3.308466308
6403,2048.960000,3.312176621
6404,2049.280000,3.312176621
6405,2049.600000,3.308466308
6406,2049.920000,3.308466308
6407,2050.240000,3.308466308
6408,2050.560000,3.308466308
6409,2050.880000,3.308466308
6410,2051.200000,3.304755994
6411,2051.520000,3.301045681
6412,2051.840000,3.301045681
6413,2052.160000,3.301045681
6414,2052.480000,3.301045681
6415,2052.800000,3.297335368
6416,2053.120000,3.301045681
6417,2053.440000,3.301045681
6418,2053.760000,3.304755994
6419,2054.080000,3.304755994
6420,2054.400000,3.304755994
6421,2054.720000,3.304755994
6422,2055.040000,3.308466308
6423,2055.360000,3.304755994
6424,2055.680000,3.304755994
6425,2056.000000,3.304755994
6426,2056.320000,3.304755994
6427,2056.640000,3.304755994
6428,2056.960000,3.304755994
6429,2057.280000,3.312176621
6430,2057.600000,3.308466308
6431,2057.920000,3.308466308
6432,2058.240000,3.304755994
6433,2058.560000,3.304755994
6434,2058.880000,3.304755994
6435,2059.200000,3.308466308
6436,2059.520000,3.308466308
6437,2059.840000,3.312176621
6438,2060.160000,3.304755994
6439,2060.480000,3.308466308
6440,2060.800000,3.304755994
6441,2061.120000,3.297335368
6442,2061.440000,3.304755994
6443,2061.760000,3.304755994
6444,2062.080000,3.304755994
6445,2062.400000,3.308466308
6446,2062.720000,3.301045681
6447,2063.040000,3.308466308
6448,2063.360000,3.304755994
6449,2063.680000,3.301045681
6450,2064.000000,3.297335368
6451,2064.320000,3.301045681
6452,2064.640000,3.304755994
6453,2064.960000,3.308466308
6454,2065.280000,3.308466308
6455,2065.600000,3.304755994
6456,2065.920000,3.304755994
6457,2066.240000,3.304755994
6458,2066.560000,3.304755994
6459,2066.880000,3.304755994
6460,2067.200000,3.304755994
6461,2067.520000,3.304755994
6462,2067.840000,3.304755994
6463,2068.160000,3.304755994
6464,2068.480000,3.304755994
6465,2068.800000,3.304755994
6466,2069.120000,3.304755994
6467,2069.440000,3.304755994
6468,2069.760000,3.304755994
6469,2070.080000,3.301045681
6470,2070.400000,3.304755994
6471,2070.720000,3.301045681
6472,2071.040000,3.304755994
6473,2071.360000,3.304755994
6474,2071.680000,3.304755994
6475,2072.000000,3.301045681
6476,2072.320000,3.301045681
6477,2072.640000,3.301045681
6478,2072.960000,3.301045681
6479,2073.280000,3.301045681
6480,2073.600000,3.301045681
6481,2073.920000,3.301045681
6482,2074.240000,3.308466308
6483,2074.560000,3.304755994
6484,2074.880000,3.304755994
6485,2075.200000,3.308466308
6486,2075.520000,3.308466308
6487,2075.840000,3.308466308
6488,2076.160000,3.308466308
6489,2076.480000,3.308466308
6490,2076.800000,3.304755994
6491,2077.120000,3.308466308
6492,2077.440000,3.304755994
6493,2077.760000,3.308466308
6494,2078.080000,3.304755994
6495,2078.400000,3.308466308
6496,2078.720000,3.308466308
6497,2079.040000,3.308466308
6498,2079.360000,3.304755994
6499,2079.680000,3.301045681
6500,2080.000000,3.304755994
6501,2080.320000,3.308466308
6502,2080.640000,3.308466308
6503,2080.960000,3.312176621
6504,2081.280000,3.308466308
6505,2081.600000,3.308466308
6506,2081.920000,3.312176621
6507,2082.240000,3.308466308
6508,2082.560000,3.312176621
6509,2082.880000,3.308466308
6510,2083.200000,3.308466308
6511,2083.520000,3.308466308
6512,2083.840000,3.308466308
6513,2084.160000,3.308466308
6514,2084.480000,3.308466308
6515,2084.800000,3.304755994
6516,2085.120000,3.308466308
6517,2085.440000,3.304755994
6518,2085.760000,3.304755994
6519,2086.080000,3.304755994
6520,2086.400000,3.308466308
6521,2086.720000,3.308466308
6522,2087.040000,3.308466308
6523,2087.360000,3.304755994
6524,2087.680000,3.304755994
6525,2088.000000,3.304755994
6526,2088.320000,3.308466308
6527,2088.640000,3.308466308
6528,2088.960000,3.308466308
6529,2089.280000,3.308466308
6530,2089.600000,3.312176621
6531,2089.920000,3.308466308
6532,2090.240000,3.308466308
6533,2090.560000,3.304755994
6534,2090.880000,3.304755994
6535,2091.200000,3.312176621
6536,2091.520000,3.308466308
6537,2091.840000,3.308466308
6538,2092.160000,3.308466308
6539,2092.480000,3.304755994
6540,2092.800000,3.304755994
6541,2093.120000,3.304755994
6542,2093.440000,3.304755994
6543,2093.760000,3.308466308
6544,2094.080000,3.312176621
6545,2094.400000,3.312176621
6546,2094.720000,3.308466308
6547,2095.040000,3.304755994
6548,2095.360000,3.301045681
6549,2095.680000,3.308466308
6550,2096.000000,3.304755994
6551,2096.320000,3.312176621
6552,2096.640000,3.308466308
6553,2096.960000,3.308466308
6554,2097.280000,3.308466308
6555,2097.600000,3.301045681
6556,2097.920000,3.301045681
6557,2098.240000,3.301045681
6558,2098.560000,3.301045681
6559,2098.880000,3.304755994
6560,2099.200000,3.304755994
6561,2099.520000,3.308466308
6562,2099.840000,3.308466308
6563,2100.160000,3.308466308
6564,2100.480000,3.308466308
6565,2100.800000,3.304755994
6566,2101.120000,3.308466308
6567,2101.440000,3.308466308
6568,2101.760000,3.308466308
6569,2102.080000,3.308466308
6570,2102.400000,3.312176621
6571,2102.720000,3.308466308
6572,2103.040000,3.308466308
6573,2103.360000,3.308466308
6574,2103.680000,3.312176621
6575,2104.000000,3.308466308
6576,2104.320000,3.304755994
6577,2104.640000,3.308466308
6578,2104.960000,3.308466308
6579,2105.280000,3.308466308
6580,2105.600000,3.308466308
6581,2105.920000,3.312176621
6582,2106.240000,3.304755994
6583,2106.560000,3.308466308
6584,2106.880000,3.301045681
6585,2107.200000,3.308466308
6586,2107.520000,3.297335368
6587,2107.840000,3.301045681
6588,2108.160000,3.308466308
6589,2108.480000,3.308466308
6590,2108.800000,3.308466308
6591,2109.120000,3.308466308
6592,2109.440000,3.308466308
6593,2109.760000,3.308466308
6594,2110.080000,3.308466308
6595,2110.400000,3.308466308
6596,2110.720000,3.308466308
6597,2111.040000,3.304755994
6598,2111.360000,3.304755994
6599,2111.680000,3.301045681
6600,2112.000000,3.301045681
6601,2112.320000,3.308466308
6602,2112.640000,3.308466308
6603,2112.960000,3.308466308
6604,2113.280000,3.308466308
6605,2113.600000,3.308466308
6606,2113.920000,3.304755994
6607,2114.240000,3.304755994
6608,2114.560000,3.308466308
6609,2114.880000,3.308466308
6610,2115.200000,3.304755994
6611,2115.520000,3.308466308
6612,2115.840000,3.308466308
6613,2116.160000,3.308466308
6614,2116.480000,3.301045681
6615,2116.800000,3.308466308
6616,2117.120000,3.308466308
6617,2117.440000,3.304755994
6618,2117.760000,3.304755994
6619,2118.080000,3.308466308
6620,2118.400000,3.308466308
6621,2118.720000,3.312176621
6622,2119.040000,3.312176621
6623,2119.360000,3.308466308
6624,2119.680000,3.308466308
6625,2120.000000,3.301045681
6626,2120.320000,3.304755994
6627,2120.640000,3.308466308
6628,2120.960000,3.304755994
6629,2121.280000,3.308466308
6630,2121.600000,3.304755994
6631,2121.920000,3.308466308
6632,2122.240000,3.312176621
6633,2122.560000,3.308466308
6634,2122.880000,3.308466308
6635,2123.200000,3.308466308
6636,2123.520000,3.308466308
6637,2123.840000,3.304755994
6638,2124.160000,3.304755994
6639,2124.480000,3.301045681
6640,2124.800000,3.301045681
6641,2125.120000,3.304755994
6642,2125.440000,3.304755994
6643,2125.760000,3.304755994
6644,2126.080000,3.308466308
6645,2126.400000,3.304755994
6646,2126.720000,3.308466308
6647,2127.040000,3.308466308
6648,2127.360000,3.308466308
6649,2127.680000,3.304755994
6650,2128.000000,3.304755994
6651,2128.320000,3.304755994
6652,2128.640000,3.304755994
6653,2128.960000,3.308466308
6654,2129.280000,3.304755994
6655,2129.600000,3.304755994
6656,2129.920000,3.304755994
6657,2130.240000,3.304755994
6658,2130.560000,3.304755994
6659,2130.880000,3.301045681
6660,2131.200000,3.301045681
6661,2131.520000,3.304755994
6662,2131.840000,3.304755994
6663,2132.160000,3.312176621
6664,2132.480000,3.308466308
6665,2132.800000,3.308466308
6666,2133.120000,3.308466308
6667,2133.440000,3.304755994
6668,2133.760000,3.304755994
6669,2134.080000,3.304755994
6670,2134.400000,3.308466308
6671,2134.720000,3.304755994
6672,2135.040000,3.304755994
6673,2135.360000,3.301045681
6674,2135.680000,3.301045681
6675,2136.000000,3.304755994
6676,2136.320000,3.304755994
6677,2136.640000,3.304755994
6678,2136.960000,3.308466308
6679,2137.280000,3.304755994
6680,2137.600000,3.304755994
6681,2137.920000,3.308466308
6682,2138.240000,3.308466308
6683,2138.560000,3.312176621
6684,2138.880000,3.312176621
6685,2139.200000,3.308466308
6686,2139.520000,3.312176621
6687,2139.840000,3.312176621
6688,2140.160000,3.312176621
6689,2140.480000,3.312176621
6690,2140.800000,3.312176621
6691,2141.120000,3.312176621
6692,2141.440000,3.308466308
6693,2141.760000,3.304755994
6694,2142.080000,3.304755994
6695,2142.400000,3.308466308
6696,2142.720000,3.312176621
6697,2143.040000,3.308466308
6698,2143.360000,3.308466308
6699,2143.680000,3.308466308
6700,2144.000000,3.308466308
6701,2144.320000,3.308466308
6702,2144.640000,3.308466308
6703,2144.960000,3.304755994
6704,2145.280000,3.301045681
6705,2145.600000,3.301045681
6706,2145.920000,3.304755994
6707,2146.240000,3.308466308
6708,2146.560000,3.304755994
6709,2146.880000,3.304755994
6710,2147.200000,3.304755994
6711,2147.520000,3.308466308
6712,2147.840000,3.308466308
6713,2148.160000,3.308466308
6714,2148.480000,3.308466308
6715,2148.800000,3.304755994
6716,2149.120000,3.304755994
6717,2149.440000,3.308466308
6718,2149.760000,3.308466308
6719,2150.080000,3.304755994
6720,2150.400000,3.304755994
6721,2150.720000,3.304755994
6722,2151.040000,3.304755994
6723,2151.360000,3.301045681
6724,2151.680000,3.301045681
6725,2152.000000,3.304755994
6726,2152.320000,3.301045681
6727,2152.640000,3.304755994
6728,2152.960000,3.308466308
6729,2153.280000,3.308466308
6730,2153.600000,3.304755994
6731,2153.920000,3.304755994
6732,2154.240000,3.304755994
6733,2154.560000,3.301045681
6734,2154.880000,3.301045681
6735,2155.200000,3.304755994
6736,2155.520000,3.304755994
6737,2155.840000,3.308466308
6738,2156.160000,3.308466308
6739,2156.480000,3.308466308
6740,2156.800000,3.304755994
6741,2157.120000,3.308466308
6742,2157.440000,3.308466308
6743,2157.760000,3.304755994
6744,2158.080000,3.308466308
6745,2158.400000,3.312176621
6746,2158.720000,3.312176621
6747,2159.040000,3.308466308
6748,2159.360000,3.308466308
6749,2159.680000,3.308466308
6750,2160.000000,3.308466308
6751,2160.320000,3.304755994
6752,2160.640000,3.308466308
6753,2160.960000,3.308466308
6754,2161.280000,3.315886934
6755,2161.600000,3.319597247
6756,2161.920000,3.319597247
6757,2162.240000,3.312176621
6758,2162.560000,3.315886934
6759,2162.880000,3.308466308
6760,2163.200000,3.308466308
6761,2163.520000,3.308466308
6762,2163.840000,3.308466308
6763,2164.160000,3.312176621
6764,2164.480000,3.308466308
6765,2164.800000,3.308466308
6766,2165.120000,3.308466308
6767,2165.440000,3.304755994
6768,2165.760000,3.304755994
6769,2166.080000,3.308466308
6770,2166.400000,3.308466308
6771,2166.720000,3.308466308
6772,2167.040000,3.308466308
6773,2167.360000,3.304755994
6774,2167.680000,3.304755994
6775,2168.000000,3.308466308
6776,2168.320000,3.308466308
6777,2168.640000,3.304755994
6778,2168.960000,3.304755994
6779,2169.280000,3.308466308
6780,2169.600000,3.304755994
6781,2169.920000,3.308466308
6782,2170.240000,3.308466308
6783,2170.560000,3.304755994
6784,2170.880000,3.301045681
6785,2171.200000,3.301045681
6786,2171.520000,3.301045681
6787,2171.840000,3.308466308
6788,2172.160000,3.312176621
6789,2172.480000,3.308466308
6790,2172.800000,3.312176621
6791,2173.120000,3.304755994
6792,2173.440000,3.304755994
6793,2173.760000,3.304755994
6794,2174.080000,3.301045681
6795,2174.400000,3.301045681
6796,2174.720000,3.301045681
6797,2175.040000,3.304755994
6798,2175.360000,3.304755994
6799,2175.680000,3.304755994
6800,2176.000000,3.308466308
6801,2176.320000,3.308466308
6802,2176.640000,3.312176621
6803,2176.960000,3.312176621
6804,2177.280000,3.312176621
6805,2177.600000,3.308466308
6806,2177.920000,3.304755994
6807,2178.240000,3.304755994
6808,2178.560000,3.304755994
6809,2178.880000,3.304755994
6810,2179.200000,3.304755994
6811,2179.520000,3.308466308
6812,2179.840000,3.308466308
6813,2180.160000,3.308466308
6814,2180.480000,3.308466308
6815,2180.800000,3.312176621
6816,2181.120000,3.308466308
6817,2181.440000,3.308466308
6818,2181.760000,3.304755994
6819,2182.080000,3.312176621
6820,2182.400000,3.315886934
6821,2182.720000,3.312176621
6822,2183.040000,3.315886934
6823,2183.360000,3.319597247
6824,2183.680000,3.315886934
6825,2184.000000,3.308466308
6826,2184.320000,3.308466308
6827,2184.640000,3.308466308
6828,2184.960000,3.304755994
6829,2185.280000,3.308466308
6830,2185.600000,3.308466308
6831,2185.920000,3.308466308
6832,2186.240000,3.304755994
6833,2186.560000,3.304755994
6834,2186.880000,3.308466308
6835,2187.200000,3.304755994
6836,2187.520000,3.304755994
6837,2187.840000,3.304755994
6838,2188.160000,3.308466308
6839,2188.480000,3.304755994
6840,2188.800000,3.308466308
6841,2189.120000,3.308466308
6842,2189.440000,3.308466308
6843,2189.760000,3.304755994
6844,2190.080000,3.308466308
6845,2190.400000,3.301045681
6846,2190.720000,3.304755994
6847,2191.040000,3.304755994
6848,2191.360000,3.304755994
6849,2191.680000,3.304755994
6850,2192.000000,3.308466308
6851,2192.320000,3.308466308
6852,2192.640000,3.308466308
6853,2192.960000,3.304755994
6854,2193.280000,3.308466308
6855,2193.600000,3.308466308
6856,2193.920000,3.308466308
6857,2194.240000,3.312176621
6858,2194.560000,3.304755994
6859,2194.880000,3.304755994
6860,2195.200000,3.308466308
6861,2195.520000,3.304755994
6862,2195.840000,3.312176621
6863,2196.160000,3.315886934
6864,2196.480000,3.312176621
6865,2196.800000,3.312176621
6866,2197.120000,3.308466308
6867,2197.440000,3.308466308
6868,2197.760000,3.304755994
6869,2198.080000,3.304755994
6870,2198.400000,3.304755994
6871,2198.720000,3.304755994
6872,2199.040000,3.304755994
6873,2199.360000,3.301045681
6874,2199.680000,3.304755994
6875,2200.000000,3.304755994
6876,2200.320000,3.304755994
6877,2200.640000,3.308466308
6878,2200.960000,3.308466308
6879,2201.280000,3.308466308
6880,2201.600000,3.304755994
6881,2201.920000,3.304755994
6882,2202.240000,3.308466308
6883,2202.560000,3.301045681
6884,2202.880000,3.301045681
6885,2203.200000,3.301045681
6886,2203.520000,3.301045681
6887,2203.840000,3.301045681
6888,2204.160000,3.304755994
6889,2204.480000,3.308466308
6890,2204.800000,3.308466308
6891,2205.120000,3.304755994
6892,2205.440000,3.308466308
6893,2205.760000,3.312176621
6894,2206.080000,3.308466308
6895,2206.400000,3.312176621
6896,2206.720000,3.312176621
6897,2207.040000,3.308466308
6898,2207.360000,3.304755994
6899,2207.680000,3.308466308
6900,2208.000000,3.304755994
6901,2208.320000,3.312176621
6902,2208.640000,3.308466308
6903,2208.960000,3.308466308
6904,2209.280000,3.308466308
6905,2209.600000,3.312176621
6906,2209.920000,3.312176621
6907,2210.240000,3.312176621
6908,2210.560000,3.308466308
6909,2210.880000,3.308466308
6910,2211.200000,3.308466308
6911,2211.520000,3.308466308
6912,2211.840000,3.312176621
6913,2212.160000,3.315886934
6914,2212.480000,3.319597247
6915,2212.800000,3.315886934
6916,2213.120000,3.312176621
6917,2213.440000,3.312176621
6918,2213.760000,3.304755994
6919,2214.080000,3.308466308
6920,2214.400000,3.308466308
6921,2214.720000,3.308466308
6922,2215.040000,3.308466308
6923,2215.360000,3.312176621
6924,2215.680000,3.308466308
6925,2216.000000,3.308466308
6926,2216.320000,3.308466308
6927,2216.640000,3.304755994
6928,2216.960000,3.308466308
6929,2217.280000,3.308466308
6930,2217.600000,3.308466308
6931,2217.920000,3.308466308
6932,2218.240000,3.312176621
6933,2218.560000,3.308466308
6934,2218.880000,3.308466308
6935,2219.200000,3.304755994
6936,2219.520000,3.304755994
6937,2219.840000,3.304755994
6938,2220.160000,3.308466308
6939,2220.480000,3.308466308
6940,2220.800000,3.308466308
6941,2221.120000,3.312176621
6942,2221.440000,3.312176621
6943,2221.760000,3.308466308
6944,2222.080000,3.308466308
6945,2222.400000,3.304755994
6946,2222.720000,3.304755994
6947,2223.040000,3.304755994
6948,2223.360000,3.308466308
6949,2223.680000,3.308466308
6950,2224.000000,3.304755994
6951,2224.320000,3.304755994
6952,2224.640000,3.301045681
6953,2224.960000,3.304755994
6954,2225.280000,3.304755994
6955,2225.600000,3.301045681
6956,2225.920000,3.301045681
6957,2226.240000,3.304755994
6958,2226.560000,3.308466308
6959,2226.880000,3.308466308
6960,2227.200000,3.308466308
6961,2227.520000,3.304755994
6962,2227.840000,3.301045681
6963,2228.160000,3.304755994
6964,2228.480000,3.301045681
6965,2228.800000,3.308466308
6966,2229.120000,3.308466308
6967,2229.440000,3.308466308
6968,2229.760000,3.304755994
6969,2230.080000,3.308466308
6970,2230.400000,3.308466308
6971,2230.720000,3.308466308
6972,2231.040000,3.308466308
6973,2231.360000,3.312176621
6974,2231.680000,3.308466308
6975,2232.000000,3.308466308
6976,2232.320000,3.304755994
6977,2232.640000,3.308466308
6978,2232.960000,3.304755994
6979,2233.280000,3.301045681
6980,2233.600000,3.308466308
6981,2233.920000,3.304755994
6982,2234.240000,3.308466308
6983,2234.560000,3.308466308
6984,2234.880000,3.308466308
6985,2235.200000,3.308466308
6986,2235.520000,3.308466308
6987,2235.840000,3.312176621
6988,2236.160000,3.312176621
6989,2236.480000,3.312176621
6990,2236.800000,3.315886934
6991,2237.120000,3.315886934
6992,2237.440000,3.308466308
6993,2237.760000,3.308466308
6994,2238.080000,3.304755994
6995,2238.400000,3.301045681
6996,2238.720000,3.304755994
6997,2239.040000,3.304755994
6998,2239.360000,3.312176621
6999,2239.680000,3.308466308
7000,2240.000000,3.308466308
7001,2240.320000,3.304755994
7002,2240.640000,3.304755994
7003,2240.960000,3.304755994
7004,2241.280000,3.301045681
7005,2241.600000,3.304755994
7006,2241.920000,3.304755994
7007,2242.240000,3.308466308
7008,2242.560000,3.304755994
7009,2242.880000,3.304755994
7010,2243.200000,3.308466308
7011,2243.520000,3.308466308
7012,2243.840000,3.301045681
7013,2244.160000,3.301045681
7014,2244.480000,3.301045681
7015,2244.800000,3.304755994
7016,2245.120000,3.304755994
7017,2245.440000,3.308466308
7018,2245.760000,3.304755994
7019,2246.080000,3.304755994
7020,2246.400000,3.304755994
7021,2246.720000,3.304755994
7022,2247.040000,3.308466308
7023,2247.360000,3.301045681
7024,2247.680000,3.304755994
7025,2248.000000,3.304755994
7026,2248.320000,3.304755994
7027,2248.640000,3.301045681
7028,2248.960000,3.304755994
7029,2249.280000,3.304755994
7030,2249.600000,3.304755994
7031,2249.920000,3.308466308
7032,2250.240000,3.308466308
7033,2250.560000,3.308466308
7034,2250.880000,3.308466308
7035,2251.200000,3.308466308
7036,2251.520000,3.312176621
7037,2251.840000,3.312176621
7038,2252.160000,3.304755994
7039,2252.480000,3.304755994
7040,2252.800000,3.304755994
7041,2253.120000,3.304755994
7042,2253.440000,3.304755994
7043,2253.760000,3.304755994
7044,2254.080000,3.308466308
7045,2254.400000,3.304755994
7046,2254.720000,3.304755994
7047,2255.040000,3.304755994
7048,2255.360000,3.304755994
7049,2255.680000,3.304755994
7050,2256.000000,3.304755994
7051,2256.320000,3.301045681
7052,2256.640000,3.297335368
7053,2256.960000,3.297335368
7054,2257.280000,3.301045681
7055,2257.600000,3.304755994
7056,2257.920000,3.308466308
7057,2258.240000,3.308466308
7058,2258.560000,3.312176621
7059,2258.880000,3.308466308
7060,2259.200000,3.304755994
7061,2259.520000,3.304755994
7062,2259.840000,3.304755994
7063,2260.160000,3.308466308
7064,2260.480000,3.308466308
7065,2260.800000,3.304755994
7066,2261.120000,3.304755994
7067,2261.440000,3.308466308
7068,2261.760000,3.308466308
7069,2262.080000,3.308466308
7070,2262.400000,3.304755994
7071,2262.720000,3.304755994
7072,2263.040000,3.304755994
7073,2263.360000,3.308466308
7074,2263.680000,3.312176621
7075,2264.000000,3.304755994
7076,2264.320000,3.304755994
7077,2264.640000,3.304755994
7078,2264.960000,3.308466308
7079,2265.280000,3.304755994
7080,2265.600000,3.304755994
7081,2265.920000,3.308466308
7082,2266.240000,3.304755994
7083,2266.560000,3.304755994
7084,2266.880000,3.304755994
7085,2267.200000,3.301045681
7086,2267.520000,3.301045681
7087,2267.840000,3.304755994
7088,2268.160000,3.304755994
7089,2268.480000,3.312176621
7090,2268.800000,3.304755994
7091,2269.120000,3.308466308
7092,2269.440000,3.308466308
7093,2269.760000,3.304755994
7094,2270.080000,3.308466308
7095,2270.400000,3.304755994
7096,2270.720000,3.304755994
7097,2271.040000,3.304755994
7098,2271.360000,3.301045681
7099,2271.680000,3.301045681
7100,2272.000000,3.308466308
7101,2272.320000,3.304755994
7102,2272.640000,3.301045681
7103,2272.960000,3.301045681
7104,2273.280000,3.304755994
7105,2273.600000,3.308466308
7106,2273.920000,3.308466308
7107,2274.240000,3.301045681
7108,2274.560000,3.308466308
7109,2274.880000,3.304755994
7110,2275.200000,3.301045681
7111,2275.520000,3.304755994
7112,2275.840000,3.308466308
7113,2276.160000,3.304755994
7114,2276.480000,3.308466308
7115,2276.800000,3.308466308
7116,2277.120000,3.312176621
7117,2277.440000,3.308466308
7118,2277.760000,3.312176621
7119,2278.080000,3.308466308
7120,2278.400000,3.308466308
7121,2278.720000,3.308466308
7122,2279.040000,3.308466308
7123,2279.360000,3.308466308
7124,2279.680000,3.308466308
7125,2280.000000,3.308466308
7126,2280.320000,3.304755994
7127,2280.640000,3.308466308
7128,2280.960000,3.304755994
7129,2281.280000,3.304755994
7130,2281.600000,3.308466308
7131,2281.920000,3.308466308
7132,2282.240000,3.304755994
7133,2282.560000,3.304755994
7134,2282.880000,3.308466308
7135,2283.200000,3.308466308
7136,2283.520000,3.312176621
7137,2283.840000,3.312176621
7138,2284.160000,3.312176621
7139,2284.480000,3.308466308
7140,2284.800000,3.308466308
7141,2285.120000,3.308466308
7142,2285.440000,3.308466308
7143,2285.760000,3.308466308
7144,2286.080000,3.308466308
7145,2286.400000,3.308466308
7146,2286.720000,3.304755994
7147,2287.040000,3.308466308
7148,2287.360000,3.304755994
7149,2287.680000,3.308466308
7150,2288.000000,3.304755994
7151,2288.320000,3.301045681
7152,2288.640000,3.304755994
7153,2288.960000,3.304755994
7154,2289.280000,3.301045681
7155,2289.600000,3.304755994
7156,2289.920000,3.304755994
7157,2290.240000,3.304755994
7158,2290.560000,3.304755994
7159,2290.880000,3.304755994
7160,2291.200000,3.301045681
7161,2291.520000,3.304755994
7162,2291.840000,3.308466308
7163,2292.160000,3.308466308
7164,2292.480000,3.304755994
7165,2292.800000,3.308466308
7166,2293.120000,3.304755994
7167,2293.440000,3.301045681
7168,2293.760000,3.304755994
7169,2294.080000,3.304755994
7170,2294.400000,3.304755994
7171,2294.720000,3.304755994
7172,2295.040000,3.304755994
7173,2295.360000,3.301045681
7174,2295.680000,3.304755994
7175,2296.000000,3.308466308
7176,2296.320000,3.304755994
7177,2296.640000,3.308466308
7178,2296.960000,3.301045681
7179,2297.280000,3.304755994
7180,2297.600000,3.304755994
7181,2297.920000,3.308466308
7182,2298.240000,3.308466308
7183,2298.560000,3.308466308
7184,2298.880000,3.312176621
7185,2299.200000,3.312176621
7186,2299.520000,3.315886934
7187,2299.840000,3.308466308
7188,2300.160000,3.308466308
7189,2300.480000,3.315886934
7190,2300.800000,3.312176621
7191,2301.120000,3.312176621
7192,2301.440000,3.312176621
7193,2301.760000,3.312176621
7194,2302.080000,3.308466308
7195,2302.400000,3.304755994
7196,2302.720000,3.301045681
7197,2303.040000,3.304755994
7198,2303.360000,3.308466308
7199,2303.680000,3.308466308
7200,2304.000000,3.308466308
7201,2304.320000,3.312176621
7202,2304.640000,3.312176621
7203,2304.960000,3.312176621
7204,2305.280000,3.308466308
7205,2305.600000,3.308466308
7206,2305.920000,3.308466308
7207,2306.240000,3.304755994
7208,2306.560000,3.304755994
7209,2306.880000,3.312176621
7210,2307.200000,3.308466308
7211,2307.520000,3.315886934
7212,2307.840000,3.308466308
7213,2308.160000,3.308466308
7214,2308.480000,3.301045681
7215,2308.800000,3.304755994
7216,2309.120000,3.304755994
7217,2309.440000,3.308466308
7218,2309.760000,3.308466308
7219,2310.080000,3.308466308
7220,2310.400000,3.308466308
7221,2310.720000,3.308466308
7222,2311.040000,3.301045681
7223,2311.360000,3.304755994
7224,2311.680000,3.304755994
7225,2312.000000,3.301045681
7226,2312.320000,3.308466308
7227,2312.640000,3.304755994
7228,2312.960000,3.301045681
7229,2313.280000,3.304755994
7230,2313.600000,3.304755994
7231,2313.920000,3.308466308
7232,2314.240000,3.308466308
7233,2314.560000,3.301045681
7234,2314.880000,3.304755994
7235,2315.200000,3.308466308
7236,2315.520000,3.308466308
7237,2315.840000,3.304755994
7238,2316.160000,3.308466308
7239,2316.480000,3.308466308
7240,2316.800000,3.304755994
7241,2317.120000,3.304755994
7242,2317.440000,3.304755994
7243,2317.760000,3.304755994
7244,2318.080000,3.301045681
7245,2318.400000,3.304755994
7246,2318.720000,3.304755994
7247,2319.040000,3.304755994
7248,2319.360000,3.304755994
7249,2319.680000,3.301045681
7250,2320.000000,3.304755994
7251,2320.320000,3.308466308
7252,2320.640000,3.308466308
7253,2320.960000,3.308466308
7254,2321.280000,3.308466308
7255,2321.600000,3.304755994
7256,2321.920000,3.308466308
7257,2322.240000,3.304755994
7258,2322.560000,3.308466308
7259,2322.880000,3.308466308
7260,2323.200000,3.312176621
7261,2323.520000,3.312176621
7262,2323.840000,3.312176621
7263,2324.160000,3.308466308
7264,2324.480000,3.312176621
7265,2324.800000,3.308466308
7266,2325.120000,3.308466308
7267,2325.440000,3.308466308
7268,2325.760000,3.308466308
7269,2326.080000,3.308466308
7270,2326.400000,3.308466308
7271,2326.720000,3.308466308
7272,2327.040000,3.308466308
7273,2327.360000,3.312176621
7274,2327.680000,3.308466308
7275,2328.000000,3.312176621
7276,2328.320000,3.308466308
7277,2328.640000,3.315886934
7278,2328.960000,3.308466308
7279,2329.280000,3.304755994
7280,2329.600000,3.304755994
7281,2329.920000,3.308466308
7282,2330.240000,3.308466308
7283,2330.560000,3.312176621
7284,2330.880000,3.308466308
7285,2331.200000,3.308466308
7286,2331.520000,3.308466308
7287,2331.840000,3.312176621
7288,2332.160000,3.308466308
7289,2332.480000,3.308466308
7290,2332.800000,3.308466308
7291,2333.120000,3.304755994
7292,2333.440000,3.301045681
7293,2333.760000,3.304755994
7294,2334.080000,3.304755994
7295,2334.400000,3.304755994
7296,2334.720000,3.308466308
7297,2335.040000,3.308466308
7298,2335.360000,3.308466308
7299,2335.680000,3.308466308
7300,2336.000000,3.304755994
7301,2336.320000,3.308466308
7302,2336.640000,3.308466308
7303,2336.960000,3.308466308
7304,2337.280000,3.304755994
7305,2337.600000,3.308466308
7306,2337.920000,3.304755994
7307,2338.240000,3.304755994
7308,2338.560000,3.304755994
7309,2338.880000,3.308466308
7310,2339.200000,3.304755994
7311,2339.520000,3.308466308
7312,2339.840000,3.304755994
7313,2340.160000,3.304755994
7314,2340.480000,3.304755994
7315,2340.800000,3.301045681
7316,2341.120000,3.301045681
7317,2341.440000,3.308466308
7318,2341.760000,3.304755994
7319,2342.080000,3.304755994
7320,2342.400000,3.308466308
7321,2342.720000,3.308466308
7322,2343.040000,3.308466308
7323,2343.360000,3.308466308
7324,2343.680000,3.308466308
7325,2344.000000,3.304755994
7326,2344.320000,3.304755994
7327,2344.640000,3.304755994
7328,2344.960000,3.304755994
7329,2345.280000,3.301045681
7330,2345.600000,3.304755994
7331,2345.920000,3.304755994
7332,2346.240000,3.304755994
7333,2346.560000,3.304755994
7334,2346.880000,3.312176621
7335,2347.200000,3.308466308
7336,2347.520000,3.304755994
7337,2347.840000,3.308466308
7338,2348.160000,3.304755994
7339,2348.480000,3.308466308
7340,2348.800000,3.304755994
7341,2349.120000,3.304755994
7342,2349.440000,3.304755994
7343,2349.760000,3.304755994
7344,2350.080000,3.304755994
7345,2350.400000,3.304755994
7346,2350.720000,3.304755994
7347,2351.040000,3.304755994
7348,2351.360000,3.304755994
7349,2351.680000,3.308466308
7350,2352.000000,3.304755994
7351,2352.320000,3.308466308
7352,2352.640000,3.308466308
7353,2352.960000,3.297335368
7354,2353.280000,3.301045681
7355,2353.600000,3.301045681
7356,2353.920000,3.301045681
7357,2354.240000,3.308466308
7358,2354.560000,3.308466308
7359,2354.880000,3.308466308
7360,2355.200000,3.304755994
7361,2355.520000,3.304755994
7362,2355.840000,3.304755994
7363,2356.160000,3.304755994
7364,2356.480000,3.308466308
7365,2356.800000,3.308466308
7366,2357.120000,3.312176621
7367,2357.440000,3.312176621
7368,2357.760000,3.308466308
7369,2358.080000,3.308466308
7370,2358.400000,3.304755994
7371,2358.720000,3.304755994
7372,2359.040000,3.304755994
7373,2359.360000,3.308466308
7374,2359.680000,3.312176621
7375,2360.000000,3.312176621
7376,2360.320000,3.308466308
7377,2360.640000,3.308466308
7378,2360.960000,3.304755994
7379,2361.280000,3.304755994
7380,2361.600000,3.301045681
7381,2361.920000,3.304755994
7382,2362.240000,3.304755994
7383,2362.560000,3.308466308
7384,2362.880000,3.304755994
7385,2363.200000,3.304755994
7386,2363.520000,3.301045681
7387,2363.840000,3.301045681
7388,2364.160000,3.297335368
7389,2364.480000,3.293625055
7390,2364.800000,3.301045681
7391,2365.120000,3.304755994
7392,2365.440000,3.304755994
7393,2365.760000,3.301045681
7394,2366.080000,3.301045681
7395,2366.400000,3.301045681
7396,2366.720000,3.304755994
7397,2367.040000,3.304755994
7398,2367.360000,3.304755994
7399,2367.680000,3.308466308
7400,2368.000000,3.304755994
7401,2368.320000,3.304755994
7402,2368.640000,3.308466308
7403,2368.960000,3.301045681
7404,2369.280000,3.301045681
7405,2369.600000,3.301045681
7406,2369.920000,3.304755994
7407,2370.240000,3.304755994
7408,2370.560000,3.304755994
7409,2370.880000,3.304755994
7410,2371.200000,3.301045681
7411,2371.520000,3.304755994
7412,2371.840000,3.308466308
7413,2372.160000,3.301045681
7414,2372.480000,3.304755994
7415,2372.800000,3.304755994
7416,2373.120000,3.301045681
7417,2373.440000,3.304755994
7418,2373.760000,3.308466308
7419,2374.080000,3.308466308
7420,2374.400000,3.308466308
7421,2374.720000,3.304755994
7422,2375.040000,3.301045681
7423,2375.360000,3.308466308
7424,2375.680000,3.312176621
7425,2376.000000,3.312176621
7426,2376.320000,3.308466308
7427,2376.640000,3.308466308
7428,2376.960000,3.308466308
7429,2377.280000,3.308466308
7430,2377.600000,3.304755994
7431,2377.920000,3.308466308
7432,2378.240000,3.308466308
7433,2378.560000,3.308466308
7434,2378.880000,3.312176621
7435,2379.200000,3.312176621
7436,2379.520000,3.308466308
7437,2379.840000,3.308466308
7438,2380.160000,3.304755994
7439,2380.480000,3.308466308
7440,2380.800000,3.301045681
7441,2381.120000,3.304755994
7442,2381.440000,3.308466308
7443,2381.760000,3.308466308
7444,2382.080000,3.304755994
7445,2382.400000,3.301045681
7446,2382.720000,3.301045681
7447,2383.040000,3.301045681
7448,2383.360000,3.304755994
7449,2383.680000,3.304755994
7450,2384.000000,3.304755994
7451,2384.320000,3.304755994
7452,2384.640000,3.312176621
7453,2384.960000,3.312176621
7454,2385.280000,3.312176621
7455,2385.600000,3.308466308
7456,2385.920000,3.308466308
7457,2386.240000,3.308466308
7458,2386.560000,3.308466308
7459,2386.880000,3.304755994
7460,2387.200000,3.304755994
7461,2387.520000,3.301045681
7462,2387.840000,3.304755994
7463,2388.160000,3.304755994
7464,2388.480000,3.304755994
7465,2388.800000,3.304755994
7466,2389.120000,3.308466308
7467,2389.440000,3.312176621
7468,2389.760000,3.308466308
7469,2390.080000,3.308466308
7470,2390.400000,3.304755994
7471,2390.720000,3.304755994
7472,2391.040000,3.308466308
7473,2391.360000,3.304755994
7474,2391.680000,3.304755994
7475,2392.000000,3.308466308
7476,2392.320000,3.308466308
7477,2392.640000,3.308466308
7478,2392.960000,3.308466308
7479,2393.280000,3.304755994
7480,2393.600000,3.304755994
7481,2393.920000,3.308466308
7482,2394.240000,3.308466308
7483,2394.560000,3.304755994
7484,2394.880000,3.308466308
7485,2395.200000,3.304755994
7486,2395.520000,3.304755994
7487,2395.840000,3.304755994
7488,2396.160000,3.301045681
7489,2396.480000,3.301045681
7490,2396.800000,3.304755994
7491,2397.120000,3.304755994
7492,2397.440000,3.304755994
7493,2397.760000,3.304755994
7494,2398.080000,3.301045681
7495,2398.400000,3.304755994
7496,2398.720000,3.304755994
7497,2399.040000,3.308466308
7498,2399.360000,3.308466308
7499,2399.680000,3.308466308
7500,2400.000000,3.308466308
7501,2400.320000,3.308466308
7502,2400.640000,3.312176621
7503,2400.960000,3.308466308
7504,2401.280000,3.308466308
7505,2401.600000,3.312176621
7506,2401.920000,3.308466308
7507,2402.240000,3.312176621
7508,2402.560000,3.315886934
7509,2402.880000,3.312176621
7510,2403.200000,3.308466308
7511,2403.520000,3.308466308
7512,2403.840000,3.304755994
7513,2404.160000,3.301045681
7514,2404.480000,3.301045681
7515,2404.800000,3.301045681
7516,2405.120000,3.301045681
7517,2405.440000,3.304755994
7518,2405.760000,3.301045681
7519,2406.080000,3.301045681
7520,2406.400000,3.304755994
7521,2406.720000,3.304755994
7522,2407.040000,3.304755994
7523,2407.360000,3.312176621
7524,2407.680000,3.308466308
7525,2408.000000,3.308466308
7526,2408.320000,3.304755994
7527,2408.640000,3.304755994
7528,2408.960000,3.304755994
7529,2409.280000,3.304755994
7530,2409.600000,3.304755994
7531,2409.920000,3.308466308
7532,2410.240000,3.304755994
7533,2410.560000,3.308466308
7534,2410.880000,3.304755994
7535,2411.200000,3.304755994
7536,2411.520000,3.301045681
7537,2411.840000,3.304755994
7538,2412.160000,3.301045681
7539,2412.480000,3.301045681
7540,2412.800000,3.304755994
7541,2413.120000,3.304755994
7542,2413.440000,3.308466308
7543,2413.760000,3.312176621
7544,2414.080000,3.308466308
7545,2414.400000,3.308466308
7546,2414.720000,3.304755994
7547,2415.040000,3.304755994
7548,2415.360000,3.304755994
7549,2415.680000,3.304755994
7550,2416.000000,3.304755994
7551,2416.320000,3.308466308
7552,2416.640000,3.304755994
7553,2416.960000,3.304755994
7554,2417.280000,3.304755994
7555,2417.600000,3.312176621
7556,2417.920000,3.308466308
7557,2418.240000,3.308466308
7558,2418.560000,3.308466308
7559,2418.880000,3.308466308
7560,2419.200000,3.308466308
7561,2419.520000,3.304755994
7562,2419.840000,3.297335368
7563,2420.160000,3.304755994
7564,2420.480000,3.304755994
7565,2420.800000,3.308466308
7566,2421.120000,3.304755994
7567,2421.440000,3.308466308
7568,2421.760000,3.308466308
7569,2422.080000,3.304755994
7570,2422.400000,3.304755994
7571,2422.720000,3.304755994
7572,2423.040000,3.304755994
7573,2423.360000,3.308466308
7574,2423.680000,3.308466308
7575,2424.000000,3.304755994
7576,2424.320000,3.308466308
7577,2424.640000,3.304755994
7578,2424.960000,3.308466308
7579,2425.280000,3.304755994
7580,2425.600000,3.304755994
7581,2425.920000,3.304755994
7582,2426.240000,3.304755994
7583,2426.560000,3.304755994
7584,2426.880000,3.308466308
7585,2427.200000,3.308466308
7586,2427.520000,3.308466308
7587,2427.840000,3.304755994
7588,2428.160000,3.304755994
7589,2428.480000,3.304755994
7590,2428.800000,3.304755994
7591,2429.120000,3.304755994
7592,2429.440000,3.304755994
7593,2429.760000,3.308466308
7594,2430.080000,3.304755994
7595,2430.400000,3.308466308
7596,2430.720000,3.308466308
7597,2431.040000,3.304755994
7598,2431.360000,3.301045681
7599,2431.680000,3.301045681
7600,2432.000000,3.301045681
7601,2432.320000,3.304755994
7602,2432.640000,3.304755994
7603,2432.960000,3.301045681
7604,2433.280000,3.301045681
7605,2433.600000,3.297335368
7606,2433.920000,3.304755994
7607,2434.240000,3.301045681
7608,2434.560000,3.301045681
7609,2434.880000,3.304755994
7610,2435.200000,3.301045681
7611,2435.520000,3.304755994
7612,2435.840000,3.304755994
7613,2436.160000,3.304755994
7614,2436.480000,3.301045681
7615,2436.800000,3.304755994
7616,2437.120000,3.308466308
7617,2437.440000,3.308466308
7618,2437.760000,3.308466308
7619,2438.080000,3.312176621
7620,2438.400000,3.312176621
7621,2438.720000,3.308466308
7622,2439.040000,3.304755994
7623,2439.360000,3.308466308
7624,2439.680000,3.304755994
7625,2440.000000,3.304755994
7626,2440.320000,3.308466308
7627,2440.640000,3.308466308
7628,2440.960000,3.308466308
7629,2441.280000,3.308466308
7630,2441.600000,3.304755994
7631,2441.920000,3.304755994
7632,2442.240000,3.308466308
7633,2442.560000,3.308466308
7634,2442.880000,3.304755994
7635,2443.200000,3.308466308
7636,2443.520000,3.304755994
7637,2443.840000,3.304755994
7638,2444.160000,3.301045681
7639,2444.480000,3.304755994
7640,2444.800000,3.304755994
7641,2445.120000,3.304755994
7642,2445.440000,3.304755994
7643,2445.760000,3.308466308
7644,2446.080000,3.308466308
7645,2446.400000,3.308466308
7646,2446.720000,3.304755994
7647,2447.040000,3.304755994
7648,2447.360000,3.308466308
7649,2447.680000,3.308466308
7650,2448.000000,3.304755994
7651,2448.320000,3.304755994
7652,2448.640000,3.308466308
7653,2448.960000,3.304755994
7654,2449.280000,3.308466308
7655,2449.600000,3.304755994
7656,2449.920000,3.308466308
7657,2450.240000,3.312176621
7658,2450.560000,3.312176621
7659,2450.880000,3.308466308
7660,2451.200000,3.308466308
7661,2451.520000,3.308466308
7662,2451.840000,3.304755994
7663,2452.160000,3.304755994
7664,2452.480000,3.308466308
7665,2452.800000,3.304755994
7666,2453.120000,3.308466308
7667,2453.440000,3.308466308
7668,2453.760000,3.304755994
7669,2454.080000,3.304755994
7670,2454.400000,3.304755994
7671,2454.720000,3.304755994
7672,2455.040000,3.304755994
7673,2455.360000,3.304755994
7674,2455.680000,3.304755994
7675,2456.000000,3.301045681
7676,2456.320000,3.304755994
7677,2456.640000,3.304755994
7678,2456.960000,3.304755994
7679,2457.280000,3.304755994
7680,2457.600000,3.304755994
7681,2457.920000,3.304755994
7682,2458.240000,3.304755994
7683,2458.560000,3.308466308
7684,2458.880000,3.308466308
7685,2459.200000,3.304755994
7686,2459.520000,3.304755994
7687,2459.840000,3.301045681
7688,2460.160000,3.304755994
7689,2460.480000,3.304755994
7690,2460.800000,3.312176621
7691,2461.120000,3.312176621
7692,2461.440000,3.308466308
7693,2461.760000,3.308466308
7694,2462.080000,3.304755994
7695,2462.400000,3.308466308
7696,2462.720000,3.304755994
7697,2463.040000,3.304755994
7698,2463.360000,3.304755994
7699,2463.680000,3.308466308
7700,2464.000000,3.304755994
7701,2464.320000,3.312176621
7702,2464.640000,3.308466308
7703,2464.960000,3.308466308
7704,2465.280000,3.304755994
7705,2465.600000,3.301045681
7706,2465.920000,3.304755994
7707,2466.240000,3.308466308
7708,2466.560000,3.308466308
7709,2466.880000,3.312176621
7710,2467.200000,3.312176621
7711,2467.520000,3.315886934
7712,2467.840000,3.308466308
7713,2468.160000,3.308466308
7714,2468.480000,3.304755994
7715,2468.800000,3.308466308
7716,2469.120000,3.304755994
7717,2469.440000,3.304755994
7718,2469.760000,3.308466308
7719,2470.080000,3.304755994
7720,2470.400000,3.308466308
7721,2470.720000,3.308466308
7722,2471.040000,3.304755994
7723,2471.360000,3.304755994
7724,2471.680000,3.304755994
7725,2472.000000,3.304755994
7726,2472.320000,3.304755994
7727,2472.640000,3.308466308
7728,2472.960000,3.304755994
7729,2473.280000,3.301045681
7730,2473.600000,3.304755994
7731,2473.920000,3.304755994
7732,2474.240000,3.304755994
7733,2474.560000,3.301045681
7734,2474.880000,3.304755994
7735,2475.200000,3.304755994
7736,2475.520000,3.304755994
7737,2475.840000,3.304755994
7738,2476.160000,3.304755994
7739,2476.480000,3.308466308
7740,2476.800000,3.312176621
7741,2477.120000,3.304755994
7742,2477.440000,3.304755994
7743,2477.760000,3.304755994
7744,2478.080000,3.304755994
7745,2478.400000,3.304755994
7746,2478.720000,3.304755994
7747,2479.040000,3.308466308
7748,2479.360000,3.308466308
7749,2479.680000,3.308466308
7750,2480.000000,3.308466308
7751,2480.320000,3.304755994
7752,2480.640000,3.301045681
7753,2480.960000,3.304755994
7754,2481.280000,3.301045681
7755,2481.600000,3.301045681
7756,2481.920000,3.301045681
7757,2482.240000,3.304755994
7758,2482.560000,3.308466308
7759,2482.880000,3.308466308
7760,2483.200000,3.304755994
7761,2483.520000,3.308466308
7762,2483.840000,3.304755994
7763,2484.160000,3.304755994
7764,2484.480000,3.304755994
7765,2484.800000,3.308466308
7766,2485.120000,3.308466308
7767,2485.440000,3.308466308
7768,2485.760000,3.304755994
7769,2486.080000,3.308466308
7770,2486.400000,3.304755994
7771,2486.720000,3.304755994
7772,2487.040000,3.308466308
7773,2487.360000,3.308466308
7774,2487.680000,3.312176621
7775,2488.000000,3.312176621
7776,2488.320000,3.308466308
7777,2488.640000,3.308466308
7778,2488.960000,3.312176621
7779,2489.280000,3.312176621
7780,2489.600000,3.312176621
7781,2489.920000,3.315886934
7782,2490.240000,3.315886934
7783,2490.560000,3.323307560
7784,2490.880000,3.319597247
7785,2491.200000,3.315886934
7786,2491.520000,3.308466308
7787,2491.840000,3.308466308
7788,2492.160000,3.312176621
7789,2492.480000,3.312176621
7790,2492.800000,3.308466308
7791,2493.120000,3.312176621
7792,2493.440000,3.308466308
7793,2493.760000,3.308466308
7794,2494.080000,3.304755994
7795,2494.400000,3.308466308
7796,2494.720000,3.308466308
7797,2495.040000,3.308466308
7798,2495.360000,3.308466308
7799,2495.680000,3.308466308
7800,2496.000000,3.308466308
7801,2496.320000,3.308466308
7802,2496.640000,3.308466308
7803,2496.960000,3.308466308
7804,2497.280000,3.308466308
7805,2497.600000,3.308466308
7806,2497.920000,3.308466308
7807,2498.240000,3.308466308
7808,2498.560000,3.312176621
7809,2498.880000,3.312176621
7810,2499.200000,3.308466308
7811,2499.520000,3.312176621
7812,2499.840000,3.308466308
7813,2500.160000,3.312176621
7814,2500.480000,3.308466308
7815,2500.800000,3.308466308
7816,2501.120000,3.308466308
7817,2501.440000,3.308466308
7818,2501.760000,3.312176621
7819,2502.080000,3.308466308
7820,2502.400000,3.308466308
7821,2502.720000,3.312176621
7822,2503.040000,3.308466308
7823,2503.360000,3.304755994
7824,2503.680000,3.308466308
7825,2504.000000,3.304755994
7826,2504.320000,3.304755994
7827,2504.640000,3.308466308
7828,2504.960000,3.304755994
7829,2505.280000,3.308466308
7830,2505.600000,3.304755994
7831,2505.920000,3.304755994
7832,2506.240000,3.304755994
7833,2506.560000,3.308466308
7834,2506.880000,3.308466308
7835,2507.200000,3.308466308
7836,2507.520000,3.308466308
7837,2507.840000,3.312176621
7838,2508.160000,3.308466308
7839,2508.480000,3.312176621
7840,2508.800000,3.308466308
7841,2509.120000,3.304755994
7842,2509.440000,3.308466308
7843,2509.760000,3.308466308
7844,2510.080000,3.308466308
7845,2510.400000,3.304755994
7846,2510.720000,3.308466308
7847,2511.040000,3.308466308
7848,2511.360000,3.308466308
7849,2511.680000,3.308466308
7850,2512.000000,3.312176621
7851,2512.320000,3.312176621
7852,2512.640000,3.304755994
7853,2512.960000,3.308466308
7854,2513.280000,3.308466308
7855,2513.600000,3.308466308
7856,2513.920000,3.308466308
7857,2514.240000,3.312176621
7858,2514.560000,3.308466308
7859,2514.880000,3.308466308
7860,2515.200000,3.312176621
7861,2515.520000,3.308466308
7862,2515.840000,3.312176621
7863,2516.160000,3.308466308
7864,2516.480000,3.308466308
7865,2516.800000,3.308466308
7866,2517.120000,3.304755994
7867,2517.440000,3.308466308
7868,2517.760000,3.308466308
7869,2518.080000,3.312176621
7870,2518.400000,3.308466308
7871,2518.720000,3.304755994
7872,2519.040000,3.308466308
7873,2519.360000,3.312176621
7874,2519.680000,3.312176621
7875,2520.000000,3.312176621
7876,2520.320000,3.312176621
7877,2520.640000,3.308466308
7878,2520.960000,3.304755994
7879,2521.280000,3.308466308
7880,2521.600000,3.301045681
7881,2521.920000,3.301045681
7882,2522.240000,3.297335368
7883,2522.560000,3.297335368
7884,2522.880000,3.297335368
7885,2523.200000,3.301045681
7886,2523.520000,3.297335368
7887,2523.840000,3.304755994
7888,2524.160000,3.301045681
7889,2524.480000,3.304755994
7890,2524.800000,3.308466308
7891,2525.120000,3.301045681
7892,2525.440000,3.304755994
7893,2525.760000,3.304755994
7894,2526.080000,3.308466308
7895,2526.400000,3.308466308
7896,2526.720000,3.304755994
7897,2527.040000,3.308466308
7898,2527.360000,3.301045681
7899,2527.680000,3.304755994
7900,2528.000000,3.304755994
7901,2528.320000,3.304755994
7902,2528.640000,3.304755994
7903,2528.960000,3.304755994
7904,2529.280000,3.304755994
7905,2529.600000,3.304755994
7906,2529.920000,3.301045681
7907,2530.240000,3.304755994
7908,2530.560000,3.304755994
7909,2530.880000,3.304755994
7910,2531.200000,3.308466308
7911,2531.520000,3.304755994
7912,2531.840000,3.304755994
7913,2532.160000,3.308466308
7914,2532.480000,3.301045681
7915,2532.800000,3.301045681
7916,2533.120000,3.297335368
7917,2533.440000,3.301045681
7918,2533.760000,3.304755994
7919,2534.080000,3.304755994
7920,2534.400000,3.304755994
7921,2534.720000,3.308466308
7922,2535.040000,3.308466308
7923,2535.360000,3.308466308
7924,2535.680000,3.312176621
7925,2536.000000,3.304755994
7926,2536.320000,3.308466308
7927,2536.640000,3.308466308
7928,2536.960000,3.308466308
7929,2537.280000,3.308466308
7930,2537.600000,3.312176621
7931,2537.920000,3.308466308
7932,2538.240000,3.308466308
7933,2538.560000,3.308466308
7934,2538.880000,3.308466308
7935,2539.200000,3.308466308
7936,2539.520000,3.308466308
7937,2539.840000,3.308466308
7938,2540.160000,3.312176621
7939,2540.480000,3.312176621
7940,2540.800000,3.308466308
7941,2541.120000,3.304755994
7942,2541.440000,3.308466308
7943,2541.760000,3.312176621
7944,2542.080000,3.312176621
7945,2542.400000,3.315886934
7946,2542.720000,3.312176621
7947,2543.040000,3.312176621
7948,2543.360000,3.308466308
7949,2543.680000,3.308466308
7950,2544.000000,3.304755994
7951,2544.320000,3.304755994
7952,2544.640000,3.308466308
7953,2544.960000,3.304755994
7954,2545.280000,3.304755994
7955,2545.600000,3.304755994
7956,2545.920000,3.304755994
7957,2546.240000,3.308466308
7958,2546.560000,3.304755994
7959,2546.880000,3.304755994
7960,2547.200000,3.304755994
7961,2547.520000,3.308466308
7962,2547.840000,3.304755994
7963,2548.160000,3.304755994
7964,2548.480000,3.304755994
7965,2548.800000,3.304755994
7966,2549.120000,3.304755994
7967,2549.440000,3.308466308
7968,2549.760000,3.301045681
7969,2550.080000,3.304755994
7970,2550.400000,3.308466308
7971,2550.720000,3.304755994
7972,2551.040000,3.312176621
7973,2551.360000,3.308466308
7974,2551.680000,3.308466308
7975,2552.000000,3.308466308
7976,2552.320000,3.304755994
7977,2552.640000,3.304755994
7978,2552.960000,3.308466308
7979,2553.280000,3.312176621
7980,2553.600000,3.304755994
7981,2553.920000,3.304755994
7982,2554.240000,3.308466308
7983,2554.560000,3.308466308
7984,2554.880000,3.308466308
7985,2555.200000,3.308466308
7986,2555.520000,3.308466308
7987,2555.840000,3.308466308
7988,2556.160000,3.308466308
7989,2556.480000,3.308466308
7990,2556.800000,3.312176621
7991,2557.120000,3.304755994
7992,2557.440000,3.308466308
7993,2557.760000,3.301045681
7994,2558.080000,3.304755994
7995,2558.400000,3.304755994
7996,2558.720000,3.308466308
7997,2559.040000,3.304755994
7998,2559.360000,3.304755994
7999,2559.680000,3.301045681
8000,2560.000000,3.308466308
8001,2560.320000,3.312176621
8002,2560.640000,3.308466308
8003,2560.960000,3.308466308
8004,2561.280000,3.304755994
8005,2561.600000,3.312176621
8006,2561.920000,3.312176621
8007,2562.240000,3.304755994
8008,2562.560000,3.308466308
8009,2562.880000,3.308466308
8010,2563.200000,3.312176621
8011,2563.520000,3.304755994
8012,2563.840000,3.312176621
8013,2564.160000,3.308466308
8014,2564.480000,3.308466308
8015,2564.800000,3.308466308
8016,2565.120000,3.308466308
8017,2565.440000,3.312176621
8018,2565.760000,3.308466308
8019,2566.080000,3.308466308
8020,2566.400000,3.312176621
8021,2566.720000,3.312176621
8022,2567.040000,3.312176621
8023,2567.360000,3.308466308
8024,2567.680000,3.304755994
8025,2568.000000,3.301045681
8026,2568.320000,3.301045681
8027,2568.640000,3.304755994
8028,2568.960000,3.304755994
8029,2569.280000,3.301045681
8030,2569.600000,3.308466308
8031,2569.920000,3.312176621
8032,2570.240000,3.308466308
8033,2570.560000,3.312176621
8034,2570.880000,3.304755994
8035,2571.200000,3.312176621
8036,2571.520000,3.308466308
8037,2571.840000,3.312176621
8038,2572.160000,3.308466308
8039,2572.480000,3.308466308
8040,2572.800000,3.301045681
8041,2573.120000,3.304755994
8042,2573.440000,3.304755994
8043,2573.760000,3.301045681
8044,2574.080000,3.304755994
8045,2574.400000,3.308466308
8046,2574.720000,3.304755994
8047,2575.040000,3.308466308
8048,2575.360000,3.304755994
8049,2575.680000,3.304755994
8050,2576.000000,3.304755994
8051,2576.320000,3.304755994
8052,2576.640000,3.304755994
8053,2576.960000,3.308466308
8054,2577.280000,3.304755994
8055,2577.600000,3.304755994
8056,2577.920000,3.308466308
8057,2578.240000,3.308466308
8058,2578.560000,3.304755994
8059,2578.880000,3.304755994
8060,2579.200000,3.304755994
8061,2579.520000,3.301045681
8062,2579.840000,3.304755994
8063,2580.160000,3.301045681
8064,2580.480000,3.304755994
8065,2580.800000,3.304755994
8066,2581.120000,3.301045681
8067,2581.440000,3.304755994
8068,2581.760000,3.304755994
8069,2582.080000,3.304755994
8070,2582.400000,3.304755994
8071,2582.720000,3.308466308
8072,2583.040000,3.308466308
8073,2583.360000,3.301045681
8074,2583.680000,3.308466308
8075,2584.000000,3.304755994
8076,2584.320000,3.308466308
8077,2584.640000,3.312176621
8078,2584.960000,3.308466308
8079,2585.280000,3.308466308
8080,2585.600000,3.315886934
8081,2585.920000,3.312176621
8082,2586.240000,3.312176621
8083,2586.560000,3.308466308
8084,2586.880000,3.312176621
8085,2587.200000,3.312176621
8086,2587.520000,3.312176621
8087,2587.840000,3.312176621
8088,2588.160000,3.312176621
8089,2588.480000,3.308466308
8090,2588.800000,3.308466308
8091,2589.120000,3.304755994
8092,2589.440000,3.304755994
8093,2589.760000,3.301045681
8094,2590.080000,3.304755994
8095,2590.400000,3.301045681
8096,2590.720000,3.301045681
8097,2591.040000,3.304755994
8098,2591.360000,3.304755994
8099,2591.680000,3.312176621
8100,2592.000000,3.312176621
8101,2592.320000,3.308466308
8102,2592.640000,3.304755994
8103,2592.960000,3.304755994
8104,2593.280000,3.304755994
8105,2593.600000,3.308466308
8106,2593.920000,3.304755994
8107,2594.240000,3.308466308
8108,2594.560000,3.308466308
8109,2594.880000,3.308466308
8110,2595.200000,3.308466308
8111,2595.520000,3.304755994
8112,2595.840000,3.304755994
8113,2596.160000,3.304755994
8114,2596.480000,3.304755994
8115,2596.800000,3.301045681
8116,2597.120000,3.304755994
8117,2597.440000,3.301045681
8118,2597.760000,3.301045681
8119,2598.080000,3.304755994
8120,2598.400000,3.308466308
8121,2598.720000,3.304755994
8122,2599.040000,3.304755994
8123,2599.360000,3.308466308
8124,2599.680000,3.308466308
8125,2600.000000,3.312176621
8126,2600.320000,3.308466308
8127,2600.640000,3.312176621
8128,2600.960000,3.312176621
8129,2601.280000,3.304755994
8130,2601.600000,3.304755994
8131,2601.920000,3.304755994
8132,2602.240000,3.304755994
8133,2602.560000,3.308466308
8134,2602.880000,3.308466308
8135,2603.200000,3.312176621
8136,2603.520000,3.308466308
8137,2603.840000,3.304755994
8138,2604.160000,3.308466308
8139,2604.480000,3.308466308
8140,2604.800000,3.308466308
8141,2605.120000,3.308466308
8142,2605.440000,3.308466308
8143,2605.760000,3.304755994
8144,2606.080000,3.308466308
8145,2606.400000,3.304755994
8146,2606.720000,3.308466308
8147,2607.040000,3.304755994
8148,2607.360000,3.308466308
8149,2607.680000,3.308466308
8150,2608.000000,3.308466308
8151,2608.320000,3.312176621
8152,2608.640000,3.308466308
8153,2608.960000,3.312176621
8154,2609.280000,3.308466308
8155,2609.600000,3.308466308
8156,2609.920000,3.308466308
8157,2610.240000,3.304755994
8158,2610.560000,3.304755994
8159,2610.880000,3.304755994
8160,2611.200000,3.308466308
8161,2611.520000,3.308466308
8162,2611.840000,3.308466308
8163,2612.160000,3.304755994
8164,2612.480000,3.304755994
8165,2612.800000,3.308466308
8166,2613.120000,3.308466308
8167,2613.440000,3.308466308
8168,2613.760000,3.308466308
8169,2614.080000,3.304755994
8170,2614.400000,3.308466308
8171,2614.720000,3.304755994
8172,2615.040000,3.304755994
8173,2615.360000,3.308466308
8174,2615.680000,3.308466308
8175,2616.000000,3.308466308
8176,2616.320000,3.308466308
8177,2616.640000,3.312176621
8178,2616.960000,3.312176621
8179,2617.280000,3.308466308
8180,2617.600000,3.312176621
8181,2617.920000,3.308466308
8182,2618.240000,3.304755994
8183,2618.560000,3.304755994
8184,2618.880000,3.304755994
8185,2619.200000,3.304755994
8186,2619.520000,3.312176621
8187,2619.840000,3.308466308
8188,2620.160000,3.308466308
8189,2620.480000,3.308466308
8190,2620.800000,3.308466308
8191,2621.120000,3.304755994
